length,engagement,novelty,shares
114,0.14229846038257998,0.6493358104356278,408
182,0.6102456931144734,0.02136852724479632,541
162,0.09326971662407524,0.5977346642575346,476
122,0.8683268679382354,0.19954585773041988,1046
180,0.4070750757348358,0.023988297977621365,642
140,0.7867018891562374,0.7302006043835042,1262
181,0.8872929560521015,0.8204620673403107,1370
43,0.11972299175087797,0.9643061757950071,456
184,0.6675201709119254,0.06539854548281565,849
30,0.8804623749346783,0.16672256379778294,952
195,0.7759707043096715,0.9097969396267822,1348
71,0.43710443910100194,0.2341866655346373,583
187,0.50955410033335,0.9111419872608757,1075
169,0.36401648453339197,0.3774211564235094,581
86,0.7406731447898753,0.6947688412969983,997
35,0.7948706276045089,0.8666858593980515,1268
37,0.41829458878305836,0.8335150856348736,815
114,0.8187216433807996,0.27599790653634526,1198
52,0.659427201017053,0.40131457234183676,866
77,0.4411936978177584,0.06349224462218628,586
40,0.6692257549372217,0.4268424795611261,1046
126,0.02819188933633099,0.8236387128833894,412
134,0.44202347360648087,0.6633811603302525,871
124,0.4426452788238636,0.47338877300960247,576
34,0.04929132042787765,0.6379775155647429,446
130,0.8626698601986862,0.9634404769243133,1372
180,0.6223029183245095,0.33619396765370857,998
144,0.9006580692655418,0.2929469607288657,1132
156,0.046723771568378925,0.7611777962517337,696
114,0.6682252703314157,0.5080212091122347,1105
103,0.6128433670235073,0.25181700580190836,859
196,0.011209821758459193,0.3016715613351828,239
166,0.35644065008471715,0.9874482313967361,1024
119,0.7404349386841632,0.050540715266471636,771
146,0.6054223411475715,0.6180381299994305,1074
91,0.541376961802451,0.4816863724856201,646
182,0.45556257526781485,0.10186641076448488,764
105,0.5680032769114814,0.7017036675826733,1074
145,0.6319296066973326,0.8843427356146101,1071
118,0.9109988351136447,0.40489279229391006,1329
81,0.7505254199490546,0.7838560725384166,1251
129,0.39256135660610303,0.06603604984881617,477
173,0.4190336490747144,0.6368183537812314,823
56,0.9280789668819875,0.48169244562566516,1392
45,0.011660798029395125,0.5799709922477452,223
164,0.17213566347438602,0.13710749724148485,241
160,0.06868135706069534,0.6721054853974179,493
65,0.3039775727115288,0.6647863545521507,576
115,0.871894525163328,0.9600834489710929,1516
34,0.3897237792105982,0.5510649930944017,512
33,0.4915666750808687,0.8252754276600449,998
158,0.5051485876816385,0.24391120851257375,631
154,0.5442964660872481,0.9505612493821461,951
30,0.1948486203361478,0.48085160340161226,561
165,0.12552029001732357,0.40621982466295714,351
37,0.8417067575459997,0.819152897381921,1342
124,0.3190322215945869,0.6989845382135759,785
105,0.1245323628666748,0.4566019891278318,349
30,0.800664903555881,0.7650786486337374,1079
165,0.43299006314154753,0.8555478019203937,989
191,0.6318334265395845,0.8366988988476521,1314
44,0.3450975197261744,0.9108769495417647,823
33,0.8018853488058766,0.8467869158068787,1144
143,0.04945088904518857,0.8909887081072855,674
128,0.039743644547201584,0.7950880983164764,521
167,0.9792376616894019,0.0863828734317662,1217
22,0.32381359565640067,0.09922169797657177,409
57,0.2100006802900013,0.912349192709339,837
79,0.6417058666635798,0.07641936978245567,721
167,0.30359945813472466,0.764045077530097,651
29,0.715335486604458,0.12418437269757321,801
48,0.5065042304907336,0.04019169846367954,684
171,0.22303379182461536,0.5398581248328597,392
21,0.43035789792359946,0.013152991886318355,371
169,0.16732023301472054,0.38877768294193604,578
148,0.2365402390742627,0.9829162986877867,944
146,0.3594162000916582,0.9758981955093388,895
82,0.4148407441378491,0.27735288659193913,619
47,0.05265703462285143,0.8348499627560065,439
58,0.5912721713262798,0.5578641968246759,930
113,0.9735696316621808,0.8731051542393788,1381
121,0.6158897866237021,0.9996040643006741,1044
96,0.6466672931361337,0.038021469553009224,568
156,0.886620024966329,0.00015571379739021118,996
47,0.30267317425756834,0.819876578416796,577
138,0.268277452388084,0.04707422878598155,275
128,0.7233835839726312,0.15666730566795883,833
69,0.7203329276510747,0.16087098940514954,804
77,0.6790911375726879,0.24066557948748202,868
130,0.016363233615433126,0.7221059291591747,460
173,0.03400821108893959,0.10430115499695825,111
44,0.8122091814780574,0.7140403528573369,1259
181,0.6452537286263103,0.6630886208324204,1071
49,0.6118249768767705,0.9082271084423124,928
131,0.2961077105584814,0.5834446073617785,403
123,0.383425764500681,0.21100978883495747,548
68,0.3461486166542076,0.7776337335275563,852
124,0.05112629787611134,0.6217874776169328,276
143,0.3746077893687617,0.7550676218520325,1060
37,0.13018599962001154,0.6416998673188373,558
95,0.08239420601463998,0.2480238444367454,254
84,0.7777745401972114,0.44462294610763176,845
48,0.18141885108786426,0.46811058033616504,420
90,0.8254934330391389,0.17876174161262293,862
61,0.9614032487600594,0.8342833478921652,1347
96,0.5138207947271569,0.7311696187561875,780
167,0.8788015416758852,0.5945513620430471,1160
131,0.5174550165727624,0.6621619289112599,899
68,0.29895594485088095,0.9942161540042179,830
177,0.8520237297786118,0.6744628969185449,1441
104,0.7766837980032303,0.7454924156861062,1145
81,0.5244588682090137,0.41476836524916416,867
71,0.22774808470740227,0.19197549615459386,254
194,0.48745654122523174,0.15712464339871246,609
104,0.10337242018023796,0.9447131878419196,736
151,0.5701231894955624,0.46574686670891985,794
121,0.5933672515140345,0.6416425727541235,883
20,0.04833873865996263,0.9747935601366533,539
163,0.7293227940879669,0.9024910082576847,1296
140,0.9548725260960202,0.7052681855111188,1329
177,0.6347659936742157,0.6108041255600942,1036
147,0.9079535128246855,0.47323928028992235,1461
142,0.33952680577284156,0.5262353655092302,850
126,0.19587352247564704,0.5643826484832312,818
142,0.5110417693311866,0.026543666151251366,543
96,0.4857969171782769,0.9026021042467698,950
109,0.603837295660997,0.7090379892161197,942
193,0.833802617613117,0.9234666661871187,1259
25,0.9857085581986593,0.7958957494081265,1314
96,0.8818772418981744,0.7723818768949586,1224
25,0.9266986100502139,0.6994212222182863,1210
46,0.9720153283110119,0.2967153921081983,1216
121,0.8444443928626063,0.29724464019969155,1095
191,0.7307633608937253,0.29609137375821515,1015
117,0.3252834274035621,0.6449611553837928,715
38,0.42976259745534073,0.7365559326089619,831
88,0.21787287281514922,0.9879603980000311,728
45,0.03107998519981492,0.033742157273358164,71
100,0.597385931576546,0.06037353359646902,569
20,0.06040594280949674,0.019342748469824644,270
171,0.6964494134767139,0.08801030698766221,806
35,0.5251497282984631,0.0025192868379045885,405
96,0.8782564912550235,0.8470182450506359,1180
190,0.8040615948301494,0.7519644779234923,1222
44,0.40562922519907774,0.7377550358091384,821
189,0.0330406933638393,0.8966288991332972,438
43,0.7950276708125436,0.34670806289531886,972
46,0.11319849828015871,0.08825107953676159,163
144,0.33151348288584814,0.7964851233189583,878
146,0.5364364513287487,0.479879889134989,818
151,0.5952807153876389,0.17807086804570982,492
89,0.08926985028881962,0.803404625777484,658
151,0.16662570621734552,0.6179743243930067,583
110,0.44509226711662175,0.000851246790504856,349
114,0.34141169809416605,0.5572359083211144,843
106,0.1901792666731177,0.25041111446183606,420
107,0.7494742301181446,0.5291650242525432,1021
116,0.17201969299051267,0.13251830752940708,270
20,0.5082332623855619,0.5982914057850427,701
118,0.054920965478709505,0.23168651644911709,428
77,0.9666007820367553,0.3134209177524011,1076
147,0.3647384857874263,0.45705632489447456,638
106,0.4657981879165789,0.010281172392184623,400
29,0.1709862363343797,0.20103267201996233,161
100,0.5986891862009166,0.9931302012629265,1017
33,0.9558010718090236,0.8175250893079409,1411
152,0.9116928488462519,0.4327707311516399,1169
128,0.20894136037243516,0.5601200126415471,647
178,0.7561306398030699,0.586590422460755,1127
179,0.00840845454625383,0.579510055092833,348
167,0.7390480594917975,0.27873717652925134,1045
95,0.16684119397753916,0.29123049413301116,468
80,0.4656498201409801,0.6729704439395708,807
96,0.7852925414419034,0.44536993052869855,1029
86,0.7493584907588406,0.5738629363185519,1179
75,0.06533928374976306,0.5454416836864763,429
20,0.779336557802872,0.8501696505084849,1274
98,0.592956701108684,0.2515403395160314,689
118,0.5322036389397848,0.2532238378722882,703
97,0.03939976730534167,0.2798991214160532,174
72,0.08375215311099116,0.8179686658997773,477
99,0.670850774268095,0.6995753537732537,1199
124,0.9625746126932815,0.8869801881330327,1427
190,0.48361075004115994,0.8067539999928436,1008
130,0.029153751227820712,0.3441810081913428,540
150,0.47619335681282915,0.5406278470086787,837
67,0.3414113252337182,0.9387761720774223,779
162,0.9768500128443782,0.23885831542201308,1065
112,0.9691238765774348,0.1404195667814746,988
135,0.8903919044794013,0.48187817392925203,1108
131,0.48469590677550045,0.8713773862034784,1095
94,0.4083717775848721,0.01739242866420565,512
127,0.426918411450564,0.008654367570649857,410
31,0.25454419633395753,0.9908208383515927,579
31,0.9436272712782684,0.3702960741304836,1112
91,0.02551140658802109,0.9702262016873844,478
168,0.46628557188061537,0.5882548804974626,809
50,0.9082067658944711,0.21078148809821728,1150
166,0.12655172935540615,0.6395274224282504,514
123,0.509219957236662,0.5073140654987026,822
74,0.8743258444538727,0.020669817401872015,795
149,0.4828839559823982,0.6087393189724938,835
50,0.4075371346944764,0.9723401129016076,909
183,0.5038785137142738,0.7969210858157103,834
107,0.29238045632533705,0.3065529171770539,482
78,0.14995453280681814,0.4949756516586704,372
20,0.7011625069817671,0.5610163730643168,1196
53,0.7813431726930588,0.43499295906974644,1060
51,0.8446247305030767,0.04860234558349763,950
95,0.9301015743754002,0.6849232456845251,1387
70,0.10408514067779873,0.7890079317410217,566
174,0.36954248254757427,0.8679835133120717,1076
54,0.08226186471392904,0.7653974444238486,463
150,0.6982301955551401,0.6735353659321958,1102
180,0.4424701352367697,0.9679512952511095,967
79,0.8163749996722283,0.6507419018960475,1095
191,0.8855815818333082,0.17684015811985798,1000
79,0.8065664162727786,0.6582507913189426,1101
39,0.09115858745489791,0.6469631469171003,400
34,0.09580906383521137,0.23878542993585417,264
182,0.4188177733736782,0.5142192488248468,751
84,0.09673619627823815,0.008265519829890322,70
191,0.9551427441983505,0.14115483998992195,1098
102,0.524062411152972,0.6434663577391891,755
104,0.939498142981222,0.4727591254080894,1294
185,0.9942260203979718,0.6437600065541675,1368
127,0.9920493549697997,0.4815452490808182,1340
93,0.2996690302970504,0.43045455461583604,426
64,0.8206467479888847,0.26703225513045925,919
124,0.3139890709697505,0.6492024552275202,822
182,0.10298941045959098,0.1609454414716216,58
42,0.2877309856503387,0.9417045847805281,633
199,0.7148705710555388,0.6539494195351827,1319
70,0.3490668625509282,0.35011810712299607,483
73,0.1451576928172007,0.19031432158605188,465
139,0.09659007585792434,0.1482313850760546,310
182,0.9430830233628623,0.7901603149860086,1521
66,0.7333495195045131,0.4903186089667224,1001
166,0.469317849131074,0.7076814882030542,903
80,0.1655963824961717,0.665150623685271,510
87,0.10744489324735318,0.9111853128464965,545
195,0.6911052110129918,0.7028012306233437,963
45,0.18321978993048937,0.12620092148974527,232
77,0.8115288724318743,0.887987611695842,1132
46,0.7864071640754786,0.23000640351426072,871
197,0.6939452019800887,0.08527819255649483,758
55,0.48094469800398565,0.47172971940427577,757
145,0.8385442866496764,0.045475281216379226,968
144,0.46348340682465716,0.37916301228754423,673
152,0.6552954246553921,0.6751958215728706,1207
58,0.6960101822647188,0.4748948534622792,1021
80,0.8961599405280529,0.4384157763450446,1143
168,0.889265352633589,0.9268891374967073,1420
32,0.20621316115846888,0.18404874104040858,289
159,0.8384991004426966,0.4487563757836778,1226
20,0.05673410799145895,0.9571583656744264,525
110,0.3305114730128408,0.4116574194648609,402
82,0.1666891650363328,0.2334405704078809,291
91,0.5572274598393296,0.0437055198922891,516
26,0.5872662528035819,0.2554875446399141,667
138,0.810415315547536,0.996774121995846,1455
146,0.6020361899060805,0.6460362654613042,1025
166,0.024171607630872005,0.3236469034001178,260
169,0.6869073048886926,0.43523291450680546,764
120,0.5862675587435578,0.7276181563907318,1027
140,0.3681370339043557,0.8202204623071478,912
154,0.16687539312668176,0.4893175127451468,608
172,0.6007142095990881,0.5959562446291929,909
143,0.29063236772746837,0.9808580354923828,853
128,0.024131201334846253,0.5143472456801471,385
135,0.40426351998972754,0.23072448469882512,716
26,0.318071348611875,0.41502698846946495,465
102,0.48282551104251714,0.07110931976325396,589
170,0.6336793273193987,0.9778907845647024,1324
99,0.7147189454960328,0.9787741592281983,1242
148,0.08236912842672195,0.697894222673647,668
106,0.19878511052523762,0.6950528332938053,541
136,0.8395778182927849,0.2740725846052632,1023
86,0.25560661221183933,0.30104212778737627,551
84,0.10178550418466736,0.7983358322316021,654
110,0.16744870265272205,0.1796693935166539,537
175,0.16133362708970989,0.3053676543615551,400
103,0.6808331194559377,0.23030653648654664,967
197,0.9850954561214411,0.9709019335150559,1536
32,0.9200864518990698,0.013142243637807804,724
141,0.4858980950100924,0.4319990092814314,748
131,0.6734765455569627,0.002765679819104694,826
91,0.2506145797405307,0.8903401438150922,587
155,0.2420748120406806,0.7407879136792381,591
26,0.18887504466024185,0.39240727769910244,246
190,0.858218740322106,0.5509965373355189,1228
120,0.37460099298661287,0.4614040661149721,610
70,0.4271682133150706,0.6587808226924677,1002
100,0.6568880879872904,0.163409280627406,1024
67,0.475305542714359,0.4190432700802863,755
160,0.3650662542683588,0.836610161626915,952
192,0.30568738808484774,0.7822047011050441,686
177,0.704606059228053,0.7252393460157981,1165
47,0.5625832554453228,0.9859145150464779,909
123,0.5450581142438303,0.36442857688379593,835
149,0.2672825866946229,0.6947968293872221,761
183,0.34412053445500934,0.6486963255196713,830
177,0.9722648421607617,0.8476598388684834,1472
152,0.8786418377667474,0.3683847753592516,1219
115,0.29874558017622843,0.1511120324393601,193
51,0.19603601786764047,0.2090174415935102,295
186,0.1405141520901566,0.4239088132470088,542
63,0.7046928943117995,0.09313627298040472,772
103,0.0772839426642763,0.517441474935306,389
149,0.45699614092966134,0.062320201111238815,769
193,0.29649795692312664,0.7742532484226969,716
171,0.41751921522301105,0.16073942545987363,405
58,0.23342165797551018,0.2521965906621616,432
167,0.9158620479138183,0.41935938931207395,1229
44,0.8149220299806155,0.04459053266392787,861
147,0.08190738349636728,0.8890352877258348,596
174,0.9563717065742323,0.5917501685213882,1317
60,0.04081116302972709,0.8501598760410689,464
67,0.9484124172243124,0.2609505828449703,1191
76,0.8244000499200939,0.26258432556989253,916
109,0.039572716810125974,0.6876001901443185,417
64,0.7598334477454748,0.27601612541840126,1022
144,0.001260606481636506,0.8256795776687573,249
129,0.18874747680637527,0.4864205816417607,441
171,0.7496969789599924,0.13479756997748393,945
38,0.9985492217724011,0.4831608401428601,1210
70,0.19656014918651976,0.32933334233924494,595
52,0.3448961030692381,0.19769610303313856,302
45,0.9560416617072973,0.21328634447142913,1146
146,0.7029537040628597,0.22046091605661544,913
62,0.3303956418062265,0.26409814372753737,537
40,0.4727010782008213,0.5860022593272063,682
52,0.5940146877129578,0.754887277856027,926
138,0.2622954690502687,0.6025648007650845,453
174,0.3890180038035046,0.6888442654952585,961
75,0.9429327183624985,0.5004674104790674,1299
163,0.3466973181595453,0.8447198922418123,981
125,0.1512132014838824,0.36041834336784895,299
129,0.43383356137101137,0.23317697972899698,752
125,0.6629471754600639,0.5696040365338658,756
135,0.8477191862488292,0.32810513142782316,913
191,0.6655281707820014,0.5340681449508148,1116
103,0.8777231877972211,0.7677003583594877,1484
97,0.5578054833641555,0.4706816150900712,723
59,0.7993853586182675,0.6260012554088237,1403
92,0.8964163586638215,0.5627255050765368,1208
197,0.6916944008338862,0.1994131297331616,785
186,0.2991566470056164,0.7972763938990614,872
80,0.553551016318133,0.19344194611305932,738
113,0.7996476865568362,0.937419315810605,1275
122,0.22442265390925953,0.2084669493154997,380
119,0.2452592638936072,0.6830839989049745,599
62,0.2562593880873545,0.3883666889341657,441
56,0.948573171834982,0.035631958099713756,935
188,0.14757011039453705,0.9842666067386512,709
191,0.8714233350482277,0.8657885540708651,1379
188,0.5440918439302075,0.3947564981755609,795
73,0.8153263967072868,0.25191276224522396,997
39,0.3300740112132181,0.6176745057210128,539
49,0.5294881547396678,0.4958247124058829,746
38,0.0028504539616927005,0.3392608251268122,127
142,0.4295393689498187,0.3915834903414943,929
61,0.18327927930873866,0.8846022480791805,639
22,0.36417037139408104,0.16821161240525528,520
148,0.7250786111666359,0.5508566290604798,919
48,0.9124036865017211,0.720270354088294,1107
167,0.28137574338655746,0.8088405792156402,811
86,0.08425118415199673,0.5866785404356453,538
186,0.1705644563638784,0.9831313914574776,917
29,0.08029098195888629,0.3913602720229904,311
149,0.6078778235249446,0.6768942064360937,1209
21,0.03253500950679755,0.03900689069895047,103
137,0.7565848023080731,0.45139597102282625,1008
35,0.21675875391888189,0.6331831285270716,486
84,0.994607373525838,0.5175551785366757,1342
40,0.8030080653122631,0.32430475498118905,1073
96,0.6842473008885289,0.6352066498454519,878
75,0.7245521568075838,0.17125766304261336,844
28,0.28138613058524786,0.33852493218108115,487
97,0.5769665117495415,0.23179832787593557,786
20,0.13323133117579067,0.21719837268413478,112
80,0.9034124340017671,0.31421643975732805,1094
120,0.24441928936796764,0.37324216487744133,660
155,0.056998027666197215,0.6865985738809243,633
31,0.05392862749956384,0.9016565685566533,533
120,0.565109647896486,0.9686780253511853,1024
128,0.1337709097552222,0.05467437647606588,345
90,0.051286365329964445,0.46847867527720055,265
143,0.7824346697180656,0.9587938840550853,1414
166,0.21193035416030137,0.3961561288964729,582
183,0.741352618792717,0.1095499312417737,884
118,0.2168980179430452,0.017002213917536646,284
70,0.6052138642997708,0.35919387282347315,986
161,0.3622743941819243,0.736173247885073,820
199,0.9285632902353097,0.3913587085678907,1132
154,0.5193463597833256,0.5381614076415047,885
92,0.8119526379645458,0.19013414867358913,1035
180,0.5846726249254519,0.7616705756092459,1125
193,0.6385128623336112,0.5527631253261658,1011
77,0.6094998438063468,0.9166312305746978,1127
134,0.06676316600516674,0.673934706651617,485
85,0.5873131581494588,0.4096819397483682,896
174,0.7211724330192055,0.14517532004397238,994
146,0.4933944967037548,0.005986620533528608,578
132,0.822419538931675,0.8001429214168213,1151
80,0.22389669275938873,0.29437815496171305,355
42,0.8483187414571903,0.191873929134889,1023
111,0.7784898402141175,0.19972672784662604,1014
194,0.9248157472286305,0.6551991427959567,1399
102,0.6875922428351235,0.33346918273268034,857
170,0.5058857034019588,0.2798562413988066,655
67,0.04256907078187622,0.47667757887665996,376
52,0.9917550926240922,0.3864553331020527,1156
193,0.20957159425243976,0.18738105946289474,534
85,0.5575579850939325,0.23437796022087432,642
85,0.3336739930042508,0.5126187906505231,528
124,0.027498527166432196,0.48535287675343364,328
81,0.29091994290608847,0.9911195576420456,821
137,0.5026659090875494,0.40794982807448954,828
58,0.26584897587316125,0.6312716664033527,553
117,0.15855612465008562,0.548827822284583,449
86,0.516239603393111,0.6404338582314618,943
102,0.23329725343286722,0.3156534653185301,393
168,0.7195560598537095,0.2241019667116957,1065
65,0.7705376499605715,0.5514516155087109,1092
67,0.49125575738272786,0.06948188124308363,400
146,0.46845280030780834,0.07948275187694653,666
167,0.05654650882462964,0.41255576601310784,365
67,0.26650936399279557,0.6802658632890229,522
165,0.5239251659591763,0.5188567802048939,903
126,0.2805263333285104,0.20813339838181089,315
196,0.9350322874365878,0.2788900522178004,1207
124,0.7239735680885885,0.7360140602940021,1163
156,0.5176383618334747,0.9645262558620584,1101
44,0.7923019776521905,0.4494137300565526,1057
95,0.9400165213049033,0.5521466726133907,1179
164,0.3313714344703156,0.3300007495160986,621
151,0.17399833185951774,0.39824767200352096,412
178,0.2928188626069256,0.8887655598563928,1016
133,0.21654791948552676,0.4160410898815674,380
144,0.5131167521869202,0.9842059662646007,1143
150,0.6842343767431556,0.9019254666961003,1250
147,0.9494815406432521,0.3909955013014925,1216
111,0.04176396736266008,0.5229142680886121,491
188,0.6375699063239321,0.6080628572548694,926
173,0.996950889711722,0.9628588701274439,1674
95,0.5176784947492085,0.17482858927894285,595
98,0.023875801525558904,0.1256869059776713,2
119,0.2819738088184617,0.667856665360161,675
177,0.07112304474946307,0.1350720899570026,131
162,0.20431047551181336,0.5962807028631036,459
128,0.13980100105628324,0.1880493877553553,323
22,0.13316935302870336,0.7810398248531248,669
66,0.17354443892024307,0.21408203671425774,352
86,0.18557651712714063,0.8632396618426046,777
68,0.641176457011501,0.473814724673258,883
114,0.9500686427425167,0.2083904567352114,1141
41,0.12063017468617077,0.2642088232043518,329
36,0.8941474271882547,0.7380915097620521,1147
144,0.04237248734525867,0.6272494675064713,456
191,0.2316985281536641,0.37259371742264835,577
166,0.29577914133563854,0.8614578664507568,937
100,0.8209913561683753,0.6392642247787719,1140
144,0.8188549015388316,0.1756308352452537,897
177,0.9427769444626809,0.22668627063987623,1063
189,0.06617403900013219,0.5465496907947169,580
199,0.7981373334354991,0.5874776981700932,1203
52,0.2830759006380743,0.7911932185698314,711
105,0.8181613943278294,0.5693854981692382,1145
102,0.9685314965545404,0.6662800395413285,1416
193,0.22689118853203172,0.17550509355184518,192
150,0.4220519866918565,0.6689093603495175,822
194,0.05741928232181903,0.7094151288537381,607
195,0.6854737429033737,0.42574750838692554,926
83,0.25735512744142963,0.4847001860093224,461
84,0.4588174688715563,0.05659998979600578,467
184,0.12451740762981334,0.5833961188961827,289
158,0.8230979361727382,0.2545269308616812,1016
168,0.25456705107199895,0.4144023961531462,323
142,0.584502593496559,0.5287333181120368,900
77,0.5233661983072299,0.35811148139317894,647
136,0.10953432591729229,0.16250956130611027,313
181,0.8911299926941418,0.18833261955230696,1021
29,0.7720750758566362,0.9739810404079496,1337
120,0.3003289878496913,0.010080190437154135,177
199,0.23592798743194598,0.40224902929118644,336
34,0.31464975765788883,0.7685941500171437,605
128,0.3366338884851593,0.6809477927284364,695
145,0.05227321535889051,0.40858470224975296,222
23,0.2779559145190821,0.9735306193392501,652
80,0.8748651807913576,0.4265883504029123,952
22,0.13461842643899125,0.9589557616705332,555
168,0.5108691605092284,0.06255942952800009,603
47,0.8376053131725429,0.12592686075084636,1092
54,0.5691179815747894,0.4841050462303276,941
50,0.8627270679077748,0.4930149978635411,1200
111,0.9917955631946864,0.6012041242175205,1216
174,0.023384496244400865,0.35577993764170335,321
192,0.11771149253050084,0.07093551285394184,262
20,0.32331590149787937,0.4306250903339385,504
48,0.69393230710738,0.015776063625236092,652
179,0.40603491346700404,0.985132582350905,996
183,0.5762141221032628,0.7322410071101327,1152
28,0.8339986168440084,0.7218340972293521,1231
116,0.024761808507115957,0.6001889828204774,309
107,0.9730426330177911,0.044597108108199834,949
173,0.5319501163827881,0.9701348188344138,1040
182,0.8810262336949755,0.7163187983015824,1189
193,0.34956144418432833,0.3583444196159089,757
114,0.1648439501856963,0.4992748928892681,588
174,0.4292756582562659,0.9607156009285683,965
178,0.7128010369705935,0.8836973156190077,1213
178,0.7310189632682699,0.6644002398368217,1059
178,0.46135806060423223,0.003819004559576733,428
186,0.6845805761930855,0.6389268765240923,819
60,0.3628845906230691,0.9402423549579866,887
181,0.5107033297591989,0.7643714671757182,996
20,0.26936893698807196,0.893638118742288,489
84,0.026901707344653802,0.9180504810163861,617
46,0.2786459371275841,0.7921294907708273,586
158,0.937773604709301,0.6202495781009041,1254
75,0.8733462375899976,0.2474298702471912,1042
87,0.3383481131600924,0.15158661387449257,335
73,0.34883480530199307,0.9487221887731234,859
169,0.23236626499857693,0.05731281966397228,389
23,0.3920082036480803,0.6584668032280088,622
84,0.7928651857094097,0.6895201050872006,1169
90,0.3497209833767523,0.6720188653375175,746
32,0.02472327810490993,0.26176032361754775,174
185,0.42851358823245234,0.012491904985018287,613
137,0.8429920323906582,0.7513693600631149,1361
70,0.006546032642102628,0.6180538515034459,262
100,0.26276024115525476,0.7815552965578141,486
64,0.6497024115841132,0.17494662222548707,655
170,0.13201883123503555,0.8076214385273586,663
104,0.005705081095668696,0.46895056899113896,276
44,0.9353058922157141,0.5103740163259077,1000
176,0.5203324378536305,0.3720916032023557,669
44,0.10011846552539816,0.5948825732111266,495
43,0.03003706309729981,0.34704683127676705,407
40,0.4379465506635659,0.9396813514936884,865
134,0.22388963967893327,0.42043993962761506,370
105,0.2913331018961953,0.6766775447233281,589
75,0.6338641123209466,0.9093537078193642,1112
97,0.7165227161527182,0.9616475862607393,1191
81,0.7032722775225101,0.843827714691133,1321
122,0.7210102076269356,0.1353954150615867,806
49,0.6409759022131815,0.5267431628797296,731
56,0.16112888253505953,0.5986991936642243,378
146,0.3753405569359223,0.3509531583190002,600
199,0.8943336143921352,0.9930895596794065,1424
25,0.9422764618779947,0.9504778886132951,1379
137,0.45201235784089977,0.2052535388130351,715
153,0.7303979373368673,0.456339931456035,1060
139,0.7260883347110874,0.42873018164463184,903
152,0.7287759987429846,0.12974028044539998,787
131,0.4547474541688049,0.4886794886961685,683
165,0.7622108882427686,0.6873002334638072,1065
41,0.9937155644605343,0.5344925497765619,1248
112,0.03484143119578442,0.3128513171703443,308
54,0.5685319382502753,1.563339624377491e-05,544
111,0.7330442191439688,0.2747852160150297,912
57,0.7388089707409168,0.680064396033544,1155
151,0.4973429491713175,0.43987327665528386,719
162,0.9962691551659679,0.19386147041669033,1049
28,0.5001601891414991,0.9815542838733681,1073
189,0.8146584100397753,0.8920021155402869,1470
183,0.1936176620318648,0.8171564526088468,666
71,0.4047789466793492,0.623210414279397,841
87,0.6658986678265055,0.9464478947935366,1192
103,0.6243488089418906,0.698397118569509,873
120,0.007793965526481039,0.6523399921011639,404
100,0.5756875595451377,0.5933139973755208,994
71,0.2919545675305488,0.04041941309890085,350
109,0.4759051225818417,0.18240176296825683,603
168,0.7041269465308172,0.6527770768402984,1046
90,0.6587258490726575,0.1059751253862321,796
111,0.20091762998595686,0.7995110297540681,644
109,0.3515983999692588,0.9059354115493119,681
107,0.8285830807338934,0.6160462859836878,1162
133,0.16245766115313554,0.45337571529117493,408
83,0.09356476045135731,0.9644762254219552,549
198,0.986910891106119,0.8921761760428192,1365
146,0.8134494142172872,0.8441787004569238,1396
20,0.46462916534469967,0.20782323928269364,598
125,0.7619721044719182,0.8106916351706672,1028
186,0.18240406112721952,0.3494958384794049,690
139,0.705516446024741,0.9013895402868835,1164
34,0.7208873851288968,0.4508493299536218,1078
150,0.44522239402514985,0.8418015503234042,1001
160,0.3616821309664937,0.4095881769767483,657
86,0.04479008787336791,0.4735690845731445,175
108,0.5336972963957443,0.44622618005991077,765
104,0.10868645236650598,0.9277986642504829,699
119,0.5955979346773611,0.8730444401311195,1056
195,0.1690761275954341,0.9687666045257329,704
78,0.7387048904391247,0.7627461258393747,1035
140,0.24038330895292503,0.05339028416596603,273
93,0.6349415604944557,0.8762422584215305,1025
72,0.5960846663803891,0.3667856377281593,639
31,0.6126427815431503,0.9712840742908124,1087
92,0.8477558542306766,0.5490569439247077,1126
159,0.036410748278953076,0.11763198857248525,385
197,0.09941670041374251,0.2576012957527113,343
55,0.21743213558626506,0.9749674449109675,855
73,0.0006776057002925162,0.2788582919386441,230
41,0.30305596603796436,0.7911420806793341,707
81,0.9976114685925126,0.23524223239126685,1026
99,0.8750404286808245,0.31901403633506065,1023
38,0.22990823158236273,0.32268230337766113,244
107,0.9990345368382516,0.2783984216369293,1295
82,0.2944233737001438,0.2930266700426576,454
98,0.2579045854122134,0.6710017850345421,578
69,0.5866292708995865,0.6456454220932485,868
52,0.5782630556082146,0.7938331231075431,1146
190,0.36391071683480547,0.9527977654087662,1047
56,0.35379512654656176,0.009691492556433534,370
174,0.8506098174833303,0.9021626139975271,1613
51,0.19429526243750572,0.6737214060198753,711
138,0.263720357580138,0.28677960618136633,490
53,0.7327623329968328,0.42857329559470636,847
184,0.38668320575374615,0.2962322206655087,443
111,0.597062312906743,0.49043271255669085,962
29,0.9578557930415844,0.1346489517283479,966
90,0.8499795088371561,0.11241484024402382,850
64,0.0532994964146668,0.6719625113182652,358
165,0.7680593705123854,0.9305623497343526,1256
86,0.052516513830789036,0.46885041434660013,276
144,0.832495403868532,0.011243884409172678,1027
29,0.7277595475642954,0.24064756670168264,839
173,0.4200019997459776,0.9821255437242956,920
76,0.35122083460059217,0.3409754605698724,865
26,0.9490818800121665,0.15368448920617805,981
70,0.3769498321002832,0.4306330705961434,554
84,0.6222538156954583,0.13069069591773874,906
34,0.7688789340401828,0.029532739152605236,709
78,0.4975263015115302,0.0665138435235807,602
95,0.19717762770730174,0.4693966523551605,356
99,0.8344585044161487,0.021256620680072502,963
123,0.5166342874861526,0.5080392799529317,745
43,0.496003187514124,0.7402139167374181,885
38,0.4667967987174686,0.9439995015605096,907
89,0.41904817168931574,0.35796808855275597,742
173,0.6424375710814793,0.29101023834758677,930
185,0.4562731988285773,0.40586229543151575,787
69,0.07759284234070107,0.16097170358792323,-17
106,0.09689927136404164,0.9989662902169566,617
45,0.3469536112637638,0.46022979474113723,360
69,0.8800759496828358,0.9998073853247813,1420
124,0.2850078307072963,0.15303047160405625,405
94,0.6778744288932966,0.07338489794280567,789
124,0.13937928370706665,0.35706213572242174,309
164,0.8130340490419241,0.9368911463180141,1412
134,0.35821164127801497,0.43564595903129877,869
88,0.0636274117091371,0.9843235638321693,494
113,0.2910281930465918,0.013794690941783427,272
107,0.1450366696134997,0.538709227650241,603
60,0.5479890553703355,0.9493620275223232,1043
42,0.6102175620115365,0.30196961797712585,846
22,0.19326126013179035,0.7141804135745079,496
137,0.27108589840678543,0.6870513777003291,709
24,0.6551522729056635,0.3590556040557594,884
67,0.17338200266338344,0.8574941781212528,563
194,0.5810416851373628,0.32845352131456373,807
166,0.42212718222310586,0.8663873313863211,837
45,0.6230580480320576,0.2621265555841823,872
82,0.8142691167390299,0.45266703623059334,1302
84,0.797383990415455,0.13646126146021897,788
105,0.10971097804165841,0.2567135012561562,296
33,0.7620428856771482,0.5364592504328911,924
146,0.7421097806145331,0.8902737840448129,1332
76,0.2591382357930271,0.7672855867255002,826
32,0.38817122366739953,0.7171299852142361,718
136,0.4205770306085177,0.02774484495517504,455
68,0.8677602815661908,0.736051462471597,1355
129,0.7626544552998559,0.20991436964807197,1021
185,0.6329283628045814,0.5960452617511256,1226
199,0.28877120014626434,0.641324851279505,588
60,0.47846549518051684,0.4877102290405675,796
57,0.35948480324685606,0.3766351593620739,597
126,0.9175809424016248,0.8437249749041598,1538
171,0.7818613512103879,0.8986521518922136,1259
33,0.4927295924906343,0.1517811964921768,592
191,0.9939728616114498,0.8192340019063631,1484
86,0.25088233123123527,0.33832519708144426,433
82,0.5757159274245851,0.6243104649412992,945
82,0.3646476560233395,0.978897377374213,726
53,0.1368862694924834,0.9672626638127798,694
36,0.9550591303307613,0.4882994805681592,1141
62,0.4995091134964649,0.000519258875650852,597
29,0.5513844670058332,0.4746210611574052,909
175,0.2879352316600603,0.022336860573412554,410
46,0.6764502000052207,0.2925353302580953,829
123,0.4785502307120111,0.25685875841193884,770
56,0.44485698431005005,0.6428333313285974,788
126,0.0773366851297661,0.15253109275603605,52
162,0.3114464041576268,0.2942178425225739,497
129,0.14743081808241254,0.28268980786202436,412
140,0.9931605897393712,0.012082346467614302,1007
90,0.21697887565478657,0.8500162405010988,633
129,0.7823141357464687,0.25691940212175723,778
62,0.15701671764489544,0.49686749949181575,420
31,0.10614735240379214,0.08504639607570075,167
193,0.2817366906006128,0.22034340651869988,315
150,0.6342652866962211,0.04551938711679504,771
155,0.5687644525551365,0.2924422429312251,643
34,0.6962058340582806,0.7771925151110428,1009
116,0.5712528933442731,0.9641737716662123,1136
190,0.4179925964176905,0.7018129956511401,967
35,0.9097246513740552,0.42471050682026645,1107
69,0.2236729266500873,0.8231456778161033,659
153,0.08552136651495257,0.9318919181656261,560
94,0.797995408907222,0.924767833791765,1442
143,0.8922485909164607,0.9494597335945985,1375
58,0.23715276638901295,0.9264808468422999,535
140,0.2455102578739835,0.8309499408964732,874
46,0.9100727685750353,0.5248815623930781,1063
81,0.3869128235840127,0.34950679865621104,495
55,0.24796033477191204,0.40142459158234234,341
164,0.6378488632591812,0.2924750080504481,770
186,0.018620093339476895,0.45260091727542995,414
124,0.49869162508809217,0.5391714139128863,916
63,0.8473176143740266,0.0027106939580304745,812
119,0.810241054133544,0.8494156585730587,1243
99,0.35556843205819155,0.470910779578006,759
132,0.4634901141035439,0.46128479083506957,654
189,0.4624595261002745,0.30391192926109967,706
151,0.0043831900265591806,0.0021453257013545057,-154
43,0.33521461206525416,0.01456368865192137,290
82,0.4800099194472064,0.726357993177013,866
168,0.5929918075296255,0.26824398278145467,700
20,0.1861238524695792,0.5674111533100679,547
166,0.12700111724563434,0.7165280887840446,523
148,0.17892054912921407,0.9170134248771891,771
199,0.7351924364132134,0.14248435675231153,893
55,0.30474007667981895,0.3019212401805682,516
111,0.16819383824876544,0.7118967742797471,639
197,0.5913056286970862,0.03459385538366866,672
30,0.01587489507022599,0.13491191257484625,111
34,0.34730246455710734,0.8177961859226243,865
46,0.3339524745549275,0.7923995249178583,788
140,0.56982838721212,0.7565426681161845,1235
59,0.2260114506424482,0.04321462056871006,472
41,0.46795284626826583,0.6169735929647332,766
26,0.22213650297590304,0.5306700626199842,447
65,0.89453701601126,0.0022453911679050087,987
45,0.4134175035098613,0.22620450726136732,700
113,0.17197303423903088,0.9888385488330297,820
152,0.7761662028915054,0.9249158227763042,1316
165,0.34928486144126736,0.68184154856491,633
171,0.10309820552685067,0.5925176723581136,345
181,0.06289786111539386,0.7295875725395311,434
129,0.21960177252608115,0.2011948128843145,439
76,0.45745501291690194,0.6367173401260544,802
146,0.030916444806708965,0.3840473518314135,374
99,0.2355861999543063,0.6083163729330843,596
61,0.12172461619897246,0.13703701191177664,63
167,0.3224199032060562,0.5350300156099735,521
86,0.33380504694692803,0.975802332417314,783
136,0.002302626477525216,0.030757968347265185,87
192,0.8396392638342526,0.45748912937515385,1149
50,0.4105335073296835,0.45154197455289524,804
126,0.5939015037796247,0.9077362016370518,1152
72,0.9520545215747126,0.5293265611092347,1396
195,0.9268460872695543,0.014960629502192457,1040
96,0.913486015390986,0.44467690324868403,1293
21,0.0008199928805407986,0.8218781886362163,485
52,0.856879840848831,0.403773226454743,966
154,0.726073871708113,0.006098700686459013,648
27,0.530813058164556,0.7013674208814438,936
154,0.8863466486205481,0.5115700609086052,1141
57,0.8447234202333711,0.34667081171255243,1082
53,0.4615127487048335,0.9896965109612978,1022
34,0.13884348245046463,0.7321353684553128,304
133,0.6177050536441276,0.5716037453622327,1104
63,0.10901017409832825,0.7388863341335002,440
139,0.35052752042242463,0.340480440323202,727
144,0.9088664722985096,0.37950425134438914,1140
54,0.4340788735048564,0.2542768622657794,648
183,0.7498978292457784,0.6324587114444564,1188
166,0.40123745329785887,0.5550870633307654,777
193,0.5337464257920577,0.8920297409597774,1108
21,0.42859164813014916,0.6795839211335336,745
118,0.48292645612337015,0.6657851324134407,816
89,0.5163441217391243,0.3940120494109791,820
89,0.2671959832472539,0.05710789891380785,237
45,0.5893680868722951,0.40235446771285566,753
168,0.4674307460495929,0.07108567307659586,539
51,0.21299198489809246,0.6684596294174907,395
33,0.23563015401566234,0.9146755952853738,650
53,0.21862091542511009,0.7587651731358327,594
157,0.09632455841030418,0.6328609346396128,609
134,0.8036220872120065,0.2292194892558841,993
152,0.22722256751702286,0.26638313147343606,504
77,0.33617014473863593,0.6738721660247339,827
45,0.7888272519343457,0.7395975830847825,1247
92,0.8572602839373844,0.45641963886444303,1202
66,0.7000000892919037,0.1733388897412862,980
83,0.025204551106316697,0.4157668809969911,199
92,0.39994127804125,0.13284198419980586,552
21,0.6334872844793629,0.3155263946342248,842
148,0.09339068494330005,0.19505549493974939,326
151,0.9030259665604529,0.7508764802815013,1363
97,0.11882208366792746,0.4318845332078768,425
42,0.07449613664990273,0.5274856881744279,368
195,0.9070685879149177,0.9392239167819459,1521
135,0.5844902745163719,0.844539527933002,1094
118,0.6523788526409731,0.31782475992376513,603
84,0.07091129576083155,0.4817833981818995,287
159,0.7039915657898275,0.8073633633058152,1138
135,0.8203520275925898,0.5696058957448069,1317
86,0.8408805586885596,0.4325764163197324,1244
151,0.2850458481817775,0.5379515623926474,592
186,0.3972292663741164,0.5365152647779063,562
151,0.4054614965134511,0.619495997791602,695
164,0.814561939334746,0.23660315942739574,976
74,0.6159256207343409,0.09643421575313849,552
76,0.914290610269845,0.49684446817171035,1058
173,0.5710235002520333,0.17696633453181299,669
102,0.2705309422625082,0.15323446050009892,413
53,0.6191496126987402,0.7158398771858088,1182
76,0.5415404202415757,0.7955937532472402,1052
30,0.5090819079001465,0.23215062325742486,681
51,0.6209601934240251,0.03514563396349024,519
166,0.259788893885295,0.5707364280085978,687
78,0.6420519032391535,0.3489959306152639,1050
79,0.41581720753461904,0.68718737414628,673
37,0.28032791073499963,0.5606965286344148,570
32,0.22486473901746873,0.4881005525423616,418
51,0.9141697551122926,0.4601262944531037,1425
182,0.2478831623901695,0.04372824274123288,335
82,0.2672569220675953,0.7289999785174779,821
174,0.056276527708363,0.6826473025132638,486
182,0.6199517535582452,0.112899766973512,715
152,0.5286924569995981,0.6112575587056711,890
36,0.6450567917704941,0.04977314337832439,724
155,0.9986647035008127,0.9571266931404503,1749
27,0.06453316245531437,0.03627754545267359,166
174,0.5385292175548054,0.4760292871850894,762
62,0.43127864223932455,0.5030868885033887,577
29,0.7298851849648107,0.5261346159168603,1160
145,0.3218143534709835,0.5227302931079228,743
189,0.42092753156502605,0.603612629867219,843
130,0.8923457300855698,0.6287573925183666,1533
185,0.33639698675612173,0.03061878722444422,552
127,0.7983085142632271,0.9398021978966525,1236
101,0.5589209085908068,0.13732505038853238,538
135,0.3435954376704772,0.12355561778273771,471
194,0.9140315327412009,0.6103850495720684,1268
94,0.5130073754725079,0.6025310178470928,915
153,0.39099778152090703,0.07381075789675884,425
25,0.7085745180882543,0.4582975593627452,1115
155,0.6278892184876377,0.9900459549151575,1201
155,0.15987082010516063,0.4672677750172842,475
152,0.5320204256647326,0.2361471911996179,720
153,0.16189838060616313,0.20011768377362094,366
135,0.5140442487708705,0.5423461476186455,858
183,0.9444222668080862,0.7309503020859882,1373
97,0.7665128696305569,0.8043757928187782,1292
41,0.6921229233090066,0.8827951104383255,1039
157,0.9208071903386594,0.08136908778949548,1200
135,0.34199823400033724,0.8515226351296091,1005
81,0.6431012408578061,0.45776612649998405,894
31,0.8291994865045419,0.4308488140036152,1136
188,0.9124961825344573,0.4358832608822908,1172
172,0.7603312821174306,0.6839463072851064,1187
56,0.8882279248468372,0.7295723586540337,1261
148,0.9965249293836234,0.3600264385482682,1320
192,0.2617436389995661,0.11408497219343561,413
99,0.6840480745771562,0.5336749209503387,1052
128,0.6182165822658197,0.38492073221233325,926
87,0.980145917724587,0.5793472786538817,1470
149,0.052215671053992496,0.09765799504252526,213
76,0.6391659387142902,0.5203304366381836,945
84,0.60452162349963,0.5836818335838704,799
120,0.009272169847468592,0.3437534208488525,361
117,0.7306240997164013,0.537831531424366,1190
112,0.5317393266689477,0.39978676762642074,811
52,0.5531028393790893,0.4794334387139383,634
36,0.27901117537972264,0.03620377487824411,231
137,0.15679637294602977,0.9261734583694459,745
156,0.9202623599690016,0.7686569054286492,1141
116,0.7040669179233071,0.718343030720629,1111
26,0.5889421726342645,0.4488118582656958,808
169,0.8142741971348785,0.7940071702038689,1331
119,0.40401594021812703,0.8546406662033149,918
113,0.5250387393962139,0.7065926044387588,966
154,0.35720627988762266,0.42909102905340213,566
153,0.0275944744187695,0.6542407385870914,465
73,0.3055384046563412,0.20821582083370782,278
130,0.5809361802792758,0.6370712458694577,1206
141,0.19094279373394973,0.5764030687278292,492
40,0.7756758877025959,0.036140402159275165,943
41,0.9567202283356735,0.9316970183747857,1497
170,0.9485909048095691,0.6332980409646202,1445
126,0.11838593657502317,0.4402798408850662,281
56,0.6127864355690453,0.595263438029074,911
69,0.7246323558378291,0.24076334418362244,880
123,0.7346161679635903,0.2069692319576868,1054
69,0.850440341505482,0.8188584656851174,1188
23,0.1913875256661366,0.07224984412803681,114
187,0.5332421833592399,0.6861427467444963,1005
36,0.17691891843970065,0.25269390401047487,407
92,0.47867585905866816,0.285334565267221,748
80,0.7695970257269524,0.31836398924469933,891
86,0.63259600642799,0.32760783651963865,770
128,0.7763755549507246,0.2490303506652689,926
78,0.587534071544506,0.809185327704392,930
154,0.06701424917955756,0.7690286429913759,375
108,0.8384559254627745,0.3289178364455103,1217
193,0.01277449599626801,0.1910429953399012,242
93,0.3577063136580957,0.33312042831068955,565
51,0.01694475612904378,0.4540763220444336,612
89,0.5035306946578987,0.5787475056032265,937
154,0.011807819734681924,0.7206143854923561,539
165,0.8105452223843999,0.7129095603225337,1208
160,0.5839162334943798,0.4008386206171116,854
58,0.3104019969491014,0.9104605774266216,613
115,0.6210749803933727,0.6551385833126389,1151
123,0.41407030124782374,0.015956299134846197,667
198,0.5550264057766047,0.4346153972978063,873
173,0.38484783447583826,0.10782965849980719,491
33,0.9817054187404052,0.743997879960486,1339
65,0.4183128083995754,0.7354619701365592,819
116,0.9742836489249741,0.29658776248031327,1273
34,0.17537176301061352,0.43184820712632255,358
111,0.2321063550871364,0.9109368365925747,774
73,0.22713750711957814,0.832787812879837,687
66,0.6457904985422741,0.5037740546916958,1054
75,0.5850596162300282,0.8034508694456027,1066
49,0.1282061863452959,0.4972318035807197,477
39,0.8256046515879373,0.0012303586775750386,825
171,0.5045388150252568,0.2529792555119208,726
54,0.2911518879110878,0.3171689216644661,525
82,0.9522978786150565,0.9749924474035888,1525
144,0.02804163462560061,0.9396001395366707,526
28,0.2080792901533114,0.24380668075435175,418
194,0.9722503159752477,0.2796300406345511,1416
187,0.5934697256126105,0.5318386699585244,927
89,0.97497628558497,0.16879326047825072,1154
61,0.6983261401204401,0.07683890703830987,580
199,0.9279247899100022,0.27530734953355174,998
25,0.17078640763729602,0.6147549868950718,543
105,0.2623621674440967,0.0321752065268619,394
195,0.8263781345323289,0.692525635338345,1234
179,0.7101755677976223,0.5918629076119918,1035
76,0.35668237096086874,0.4976687607664019,561
70,0.04515130967582737,0.2458787635232812,324
160,0.9987961369626891,0.17618185441509615,1164
33,0.6135976025048532,0.25123825413177936,805
87,0.06483860707490063,0.7944697799007496,464
156,0.07974268681216712,0.6068932860650844,384
165,0.900232013575536,0.5703992868976556,1265
128,0.4929735884957368,0.20992426111587537,803
83,0.5654836439452985,0.257999497272312,834
58,0.8603969202007827,0.4672799383972781,1185
178,0.06626648734801799,0.9469896723862586,609
111,0.9593274543212852,0.07699396450829799,1126
170,0.11110491043638648,0.7545888077549486,457
136,0.15908426557178523,0.2178369885783059,53
144,0.28808276144733114,0.6246176147620812,674
51,0.7548357632291937,0.6485964260899085,1010
185,0.38107477190936323,0.7552904006259543,998
53,0.6472955114012812,0.4118438540459102,823
75,0.3809378048653287,0.732402543213822,814
40,0.2131118083075988,0.6201123215946256,561
139,0.9140798977041668,0.891710495773992,1429
66,0.9840038844933026,0.7276282710297568,1613
99,0.4583644120031162,0.8576840067904664,1192
96,0.3662850888987581,0.8058525772928733,761
89,0.4183254692542371,0.13983712294416073,503
30,0.9808257663760646,0.044297986387827115,1018
82,0.27985996347203645,0.533145771769231,656
128,0.6996370810503936,0.49554487891880317,988
52,0.35865601328819763,0.3460504758972687,578
155,0.45741915397815236,0.8665617852153842,905
144,0.1806186619828445,0.37255904910691284,524
174,0.1156827293272854,0.49974734766998874,384
89,0.5682846292462982,0.6847887166593997,1247
161,0.04387154174882357,0.27327182732769917,380
20,0.024304904121639104,0.18021520768921717,65
160,0.3194583826655505,0.15269555888181563,447
107,0.7960087570743934,0.2727109229965894,809
149,0.20540442982143836,0.12127949880761335,364
179,0.19429191388202927,0.7277035651701176,466
171,0.12509802674910542,0.5841125075057485,375
140,0.7975923629764864,0.7755322325647573,1376
139,0.12892581577654916,0.9957632331834474,804
138,0.34572525148361266,0.3340671045669855,359
162,0.0474295248380141,0.05474227650120911,72
41,0.06171318304905837,0.981370338413014,611
27,0.07084562461524757,0.23924944465311426,239
85,0.7017724889701216,0.633867265015572,1134
148,0.6832606105326404,0.8319772643720873,1121
145,0.0011229248203800113,0.2941811028907081,331
48,0.72788257440245,0.8411923716377057,1291
86,0.6569093453458571,0.7059604602169234,1029
143,0.30534544432870847,0.29787060809990185,612
132,0.9841519473004614,0.7735665664942696,1561
49,0.8468421306144568,0.1928304149727329,863
