followers,engagement_rate,niche_score,content_quality,high_sales
750978,0.12115077367451889,0.7346042522287507,0.8782626566806351,1
177498,0.07147886592882076,0.5340896908766701,0.15268045508762984,0
610633,0.08050152476195147,0.02617964076690371,0.3011986493789346,0
103127,0.04814343836988033,0.5339340793157354,0.3759775569190713,0
409337,0.06766138707430998,0.709955907074381,0.19033850173546274,0
345668,0.08628839512676108,0.7066157576220182,0.585314921094372,0
173894,0.039315406289069404,0.6875003275282533,0.8577233606430753,0
240707,0.029947965009819555,0.053936483561588644,0.261639130136352,0
413200,0.025436827813499718,0.8497820639248769,0.5213350394143509,0
796259,0.05597235056462331,0.6442038984232974,0.5599309504455698,1
119025,0.028696626139913223,0.18845440363060117,0.8386003702305578,0
278733,0.05033735535280637,0.25243890534882363,0.3840272385969242,0
921498,0.034212842743178304,0.7324160613794308,0.6917094023762907,1
56243,0.07086582638141688,0.7898135080034834,0.2189970215148198,0
133263,0.14645366045839606,0.9589993241782677,0.6818537522790046,0
150767,0.017412855976529005,0.3562968213653199,0.9309450815707532,0
140201,0.12065864498980997,0.7164926983814751,0.43351857533518035,0
473885,0.012070570137541661,0.19254934787463773,0.27321613169393044,0
890169,0.021487363594890622,0.17711116299395813,0.3757274988160635,0
979158,0.10020688318092552,0.23612987324483803,0.8094621245147898,1
187923,0.06622154590084409,0.032309680145881314,0.13936109182288914,0
758713,0.025695230813334087,0.27726009697276255,0.8880736701686079,0
645803,0.13360674887803398,0.8743394653350929,0.759526353407138,1
875626,0.09610661506463954,0.7364789706952702,0.7201387228770657,1
958097,0.07290801621669861,0.2308024901440724,0.3247232002507423,1
564374,0.06664018156981977,0.7210788252023401,0.7870852640407826,1
836112,0.11726149741688727,0.044192955540377055,0.05987556244300818,0
181420,0.03247449419096603,0.9394311122837881,0.2515158357475825,0
779812,0.1235704657553235,0.3532433494463594,0.13397572872031294,1
437335,0.01326584077061229,0.9720435097639717,0.9574257643770269,0
715280,0.06893023407009354,0.8967436970575594,0.4628387582691794,1
949137,0.0728419080229642,0.9390486964807814,0.35265854516024453,1
385534,0.07386644715996767,0.6264178865222323,0.9842607019894333,1
960767,0.04394081720827389,0.2988455295123359,0.29219189729280937,0
572387,0.027332825077189815,0.9926453289109219,0.5316802798839348,0
591018,0.12808812376892417,0.39700218064992165,0.518218450022066,1
94339,0.11108141419931492,0.5197592040409065,0.697163827623097,0
827953,0.03721316083211797,0.13215464905221852,0.6597713700999711,0
696518,0.0677121709386641,0.16437618369125218,0.8691810411608261,1
424438,0.11409345427317588,0.3060067071990321,0.04429983937552817,0
85123,0.07687465894527508,0.814752510896399,0.4463281307985526,0
248034,0.06793959453770454,0.36345512627501164,0.9066625379916624,0
979548,0.13435223821593034,0.5668411565889985,0.039411680689881656,1
680823,0.046658329853974105,0.9825369856241503,0.8807905972867991,1
873862,0.05371986034105214,0.9469497559202026,0.9471667672666761,1
495244,0.04411638933111301,0.08181101976428629,0.13674097198283475,0
28417,0.05226368784069196,0.2947138271444587,0.9455892594757696,0
587914,0.08654843202123609,0.22324409678075052,0.37435048559586614,0
703948,0.0979667314644995,0.20040553832531072,0.7897078057201218,1
978422,0.03541409420236625,0.616701021930911,0.1526658223783124,0
18646,0.09455801618844319,0.7656059962172659,0.4768756271173522,0
391941,0.05904936622759216,0.7974317600438267,0.08179408144944167,0
51130,0.08693003996302241,0.2470801382880321,0.2654463622618425,0
11501,0.14830320950321957,0.0454808539370426,0.8689212465312524,0
763255,0.13842059665174525,0.6824785973414066,0.02029119020117154,1
895860,0.11510209219469651,0.22522865803514125,0.23365685465632346,1
950609,0.1407723435303906,0.9522816948722922,0.651870692990207,1
579737,0.04700418793027821,0.08607447846166627,0.7804838691051631,0
836020,0.03945232827462637,0.03976656429733305,0.5063203453115289,0
890224,0.09780665276707044,0.09774262992282057,0.9012120895765204,1
68026,0.026753669773211697,0.18540672253624813,0.3161877586141365,0
645955,0.03988123488437787,0.9468907366188739,0.05320486760641796,0
72810,0.017305729248510895,0.39487692134535624,0.7432813260124546,0
707759,0.06991091439663108,0.27145629760565415,0.3278631277918943,0
223918,0.038819171570020065,0.7045287412141398,0.3023084086911131,0
332020,0.09778161462465479,0.5359748532946255,0.42888112717836857,0
47019,0.028537585303654675,0.8245478196312005,0.4424629819445569,0
430637,0.05660695491049601,0.01747353629221715,0.47414943946610044,0
824241,0.052101763844552035,0.8707469313991153,0.2552883828133652,1
801379,0.1290564838937432,0.7008045946537685,0.8959388819906768,1
816979,0.04614897463347698,0.5606296728458781,0.5858782401099257,1
259567,0.10378098496069274,0.2589022342294981,0.038956028838552204,0
405345,0.08012795940455816,0.7277320967895915,0.516454323406907,1
235281,0.05685995696027346,0.8470201689617852,0.015188793192866257,0
649920,0.14616918565953707,0.072257554722719,0.9172823636448678,1
640133,0.03337202975716473,0.5617786837814415,0.08440487826730558,0
752580,0.035859273051357665,0.03377938149261195,0.1441455785048521,0
204728,0.02447529230819942,0.9508381115908909,0.7389320959017253,0
950399,0.02659537103047832,0.6873144698039575,0.6981048200865259,0
645887,0.06802465637528826,0.3351753205907676,0.8794247462631759,1
540681,0.13520051737152594,0.3458735239322578,0.7751375432431651,1
104247,0.1015903217899828,0.06866618200560459,0.4811058777353141,0
639021,0.12847866881428166,0.12812881082886995,0.0023456291225821824,0
474726,0.09113191411881207,0.17253402835660103,0.21390359308778162,0
407185,0.13313768578622262,0.25749469387535917,0.9477314415788682,1
994822,0.11816950629600444,0.909877994816821,0.09720891918963181,1
612837,0.05703444671380881,0.0999204520476914,0.16560400076728554,0
381176,0.03622453395137812,0.9044572361618882,0.6921797499323661,0
253933,0.10696228714909403,0.6939194861957328,0.9601547755773732,1
269049,0.02112027163601754,0.6148849587753338,0.23338816734530066,0
999415,0.09032150800492757,0.4693523729651453,0.8012880512245374,1
313679,0.12780942279312973,0.1926777235759345,0.8681098080318569,1
703264,0.051019243236287454,0.5372361958318957,0.5978056136952447,1
554310,0.05544330645517941,0.2035272278788115,0.6830466946612062,0
636899,0.034334821905655996,0.9763465670627065,0.6037623495329643,0
78265,0.14425981718070838,0.6297220776696933,0.40899096552598146,0
304170,0.08788210033474272,0.012447141667745298,0.6465832693677562,0
184832,0.024807868857609293,0.6579562114864819,0.515923099739909,0
320646,0.08047878529782941,0.7665875985738755,0.5265750150856355,0
419786,0.02429835361859634,0.5887062796257648,0.7914683653159348,0
829940,0.06309683491660009,0.17606926195544692,0.8872394006814232,1
148584,0.05929838583452327,0.19340771286434122,0.6802970074151093,0
680069,0.11250870357512928,0.1767066992188875,0.978597122144829,1
698783,0.06135546330376389,0.8187806371849026,0.7948826176110657,1
249128,0.13079455968197623,0.7172442282242787,0.4804645696388732,0
728626,0.11558516687317152,0.31699694173195303,0.7490944627502916,1
370957,0.10784326814983447,0.218196606675779,0.40292824827071905,0
571535,0.08405388821870315,0.31441660241497627,0.13064405090230247,0
600031,0.05978921810549399,0.9467140734008801,0.8099916018445485,1
5207,0.1241617076945873,0.7575925558665407,0.948834960892546,0
595137,0.016224686090224667,0.6182240656720212,0.4004009613693773,0
657247,0.09975549353620045,0.1741827790775956,0.04549345422694917,0
912380,0.08768436156118865,0.020970005396306113,0.9498163427141811,1
454526,0.01123511984671481,0.009569286378005804,0.5738813631517348,0
754052,0.14917404191882425,0.5743207280450789,0.9804733224155198,1
932393,0.03534195364813988,0.030576481443985948,0.2896620709392109,0
967366,0.0808717684886417,0.09952673036461934,0.38255610346230595,1
70268,0.04545110887052125,0.4687208352391363,0.4603494769261427,0
501255,0.05035480069056513,0.30682757357247725,0.4051756448830319,0
19358,0.02661408477590034,0.15853042461416378,0.10572277546201003,0
272106,0.11622585775581674,0.846563176671687,0.848773483451507,1
768230,0.013043002812778499,0.14707582201748348,0.16357638149276443,0
828507,0.07636299493199208,0.8137138703167135,0.639650056154105,1
441235,0.1382811419573437,0.22074966446348887,0.964081693764216,1
338163,0.10217411696914072,0.3878940617636861,0.28184632213040484,0
91076,0.091231853314549,0.15599671314098063,0.5265093429709163,0
598736,0.06224085031686799,0.48147578882593123,0.14013265315075896,0
633848,0.047874864328623805,0.5354057866239869,0.7992318087082088,1
532795,0.037347026680923295,0.2448067969679072,0.16483940068902503,0
871587,0.0666490355410637,0.3848296752010517,0.5516565613577674,1
517388,0.13171782608357788,0.1740408980550523,0.7605022186669929,1
593767,0.011753981687939858,0.671874123914115,0.5157410261803976,0
537332,0.04137571638580132,0.9109038458824157,0.5303438311452219,0
432505,0.012418227926542623,0.34095081270970873,0.23138370439423317,0
854147,0.06035019280953282,0.5321544337372779,0.40423508184333934,1
83341,0.04601691927798402,0.8242602442084378,0.6974848397416691,0
103968,0.14223581036399954,0.23300676114152097,0.9714638077813862,0
226685,0.02569593014381876,0.15695358274015903,0.6199434926735488,0
493415,0.0872764122759624,0.1897534113970203,0.6425669317128258,1
550381,0.10445851947827507,0.5759726922711647,0.28832102386524217,1
839817,0.08188837772323009,0.7396102227210679,0.15733920931623735,1
701186,0.12461484379414603,0.9396674984672926,0.6218092505926219,1
424827,0.1413982635994466,0.6225129813668446,0.11721450357193641,0
214316,0.07351290289532379,0.9979380534069563,0.40464682831475984,0
524119,0.13576593850552635,0.6776586759573893,0.17525158973373023,1
989723,0.1365563964896982,0.7832284033855251,0.9196839549287108,1
85998,0.07056511276454394,0.9629413840316808,0.030877949722651565,0
708519,0.03702693819535368,0.35958848639191576,0.5771966632545971,0
919284,0.09330323593845244,0.8785685229957523,0.49021829935330496,1
238699,0.043554862737542936,0.5395475170269514,0.47879811184627274,0
129789,0.08662122440302865,0.8986272784821382,0.9432599535980632,0
483522,0.1018397036128649,0.14224921481209496,0.22194972013115,0
273407,0.04874097665362673,0.16486577666788926,0.5554524280662375,0
656833,0.05868155422028533,0.1874935489546138,0.8483846161011933,1
263850,0.07170554762622942,0.8240259773011922,0.4129915185242845,0
578070,0.05890676887449369,0.879186101213145,0.4551865603327663,1
269476,0.028573954765616846,0.6651983066348047,0.41674340052174375,0
843172,0.01942611092905066,0.00018140922786280544,0.5516170474973615,0
299123,0.07533425078241826,0.20437398723910383,0.8917366049853502,0
43582,0.0762751296743572,0.7334159081497532,0.5866655669190184,0
380134,0.049945610536646264,0.9831973380207241,0.7015735412193421,0
175332,0.019420430180170395,0.3163601237280186,0.7894410952165001,0
568251,0.050550949227489816,0.26939911126748806,0.01825708680294902,0
161910,0.05844080059542738,0.4815288740957645,0.5676308572735846,0
987332,0.01839790130697682,0.0773909275320881,0.7046080157398714,0
622251,0.08814397185612098,0.4564548894062751,0.23316499094207577,0
32098,0.08274223955850267,0.2532728921096774,0.8713767828652867,0
515806,0.1290652894948618,0.024254197231287522,0.15378068533004352,0
63242,0.09656902046879487,0.7110127856891202,0.7613811299502605,0
158889,0.06010041426221342,0.03950092378124603,0.5916842125817261,0
439750,0.09797735387162157,0.16607525154218927,0.6938807257538404,1
332804,0.06131350482578254,0.9410955115686019,0.2506669299156512,0
809099,0.05927543172120635,0.882858351353385,0.2681041362429868,1
835256,0.09608821470275201,0.4632834425725818,0.9031172578104206,1
846264,0.08676712372054143,0.09830251547899904,0.5602786711200329,1
494970,0.013546119088503065,0.18995386866932162,0.4443943695124596,0
881721,0.14142210454709778,0.5002250545354975,0.34349179600931157,1
72655,0.07901725419236869,0.7913293310460726,0.6156706243909559,0
326002,0.03749050397357551,0.3167801240971456,0.8918551142761877,0
797773,0.14107594543720556,0.18564302175832958,0.679449369669339,1
205174,0.13278314769245825,0.6406687574933951,0.33876542570674406,0
37617,0.020680205844534255,0.07452207320969961,0.9529099511601927,0
868156,0.1398847937982423,0.6328637988393073,0.4821047269743529,1
108868,0.03473220765478569,0.7578544146346241,0.6655543406430176,0
690711,0.11680537228009663,0.023866877375513518,0.7657919289001759,1
133987,0.14219179810294894,0.4523516324955086,0.07997776287369307,0
801861,0.055977636319564775,0.9447166158227993,0.8559205251310195,1
748268,0.028266294813252435,0.7206641779512168,0.6306744694453412,0
164878,0.05718826989653093,0.25184624575651715,0.0492794675019993,0
771214,0.11079051459128349,0.19786998335965122,0.832644430589739,1
938338,0.1276500507989117,0.8486876972078697,0.8466402335587816,1
519133,0.12313950921498878,0.05172153494785203,0.9580672198127775,1
155933,0.09473918601069056,0.00247550688116005,0.07352643867572894,0
593472,0.057246644038777564,0.8641169359923802,0.6613571726479914,1
80427,0.03507067569362132,0.9900134553123298,0.8433392108948634,0
534217,0.10048370596547061,0.6565434407474318,0.44479212183423955,1
734581,0.03061174810500302,0.9112202722960171,0.600707501863171,0
249617,0.063916390309399,0.7813391605991303,0.279674103101507,0
286416,0.07513930632337297,0.7051840696843537,0.9844874354254488,0
926460,0.03304899482593692,0.4401686920420175,0.9750145220028507,1
972829,0.13151889172920941,0.4916977808143913,0.34516617719446707,1
324316,0.14227700936028023,0.13546302087417283,0.8397119578151608,1
955177,0.08181207833155354,0.5057208396751586,0.15260738510621652,1
477647,0.016645401106411467,0.4823200107844079,0.6761941019286807,0
758388,0.061184040409514265,0.4335523557259464,0.11239991635592017,0
99958,0.03747979484550168,0.4425296505205436,0.4024504861717815,0
244448,0.08422824810452187,0.19318621271669745,0.32111743607521104,0
371596,0.11514504255025766,0.9837437795987329,0.2037229006339315,1
237297,0.1392350903563095,0.6811051493413487,0.7954100678505611,1
571044,0.1331023538291483,0.31415660919619726,0.875767897218744,1
374890,0.034139739836593866,0.6636555558182058,0.6799809271371187,0
698025,0.14962746870588553,0.6895609607098961,0.6311801959803921,1
717706,0.043595931563959085,0.832479608263972,0.23562638352045528,0
261503,0.027301280101302013,0.9407028022600864,0.43013989876091796,0
47641,0.1417638204502062,0.0957653627789653,0.735655905522409,0
985297,0.06203291991234671,0.20935687117217483,0.8221560198400347,1
171433,0.04853220772059204,0.04745831971339087,0.47319562769675927,0
684686,0.14468205239121004,0.5532194537541074,0.766261613162502,1
169650,0.1424050267413594,0.011127428878585088,0.03886757398951646,0
325039,0.08106455663445561,0.02020371356667583,0.20046206027631475,0
29173,0.12585833753363548,0.9489028200341291,0.8466440741721416,0
709627,0.1325505473235182,0.025434431486230813,0.4302811079122161,1
962198,0.1408272376937072,0.8460495388977692,0.7093198346841418,1
124519,0.10836187553758997,0.18351737372782717,0.7119787204544898,0
540488,0.13357358974403957,0.4350008311671558,0.6156035453735079,1
622971,0.04232667737170411,0.7128649939817763,0.14134273182677126,0
368641,0.09079058500283575,0.35243044185924377,0.2865756023339635,0
800385,0.015398034295063822,0.4098527765630142,0.908953476055221,0
266993,0.04455965959563342,0.07458077506683392,0.15361055974343096,0
518705,0.06072313860541322,0.786198102897805,0.19666793557308637,0
217148,0.02694532473575688,0.4081598010691059,0.5586570982167501,0
442095,0.07150603106003503,0.6103183043880495,0.6679289041010222,1
538196,0.13994662921484052,0.9001088337289596,0.4825479579765476,1
821265,0.08280362738401785,0.6170447998253642,0.7279588411854444,1
913111,0.1000949030439384,0.9278356035080743,0.6590454515734301,1
155672,0.02007594708313844,0.16878918285222677,0.34718678192244123,0
121175,0.1318299507900949,0.2613558371458934,0.06152999392810998,0
347793,0.1478804467995676,0.32068323251249276,0.7758021267138483,1
649076,0.08846638465416821,0.3280298551684454,0.9411135270320408,1
132706,0.02659580058911163,0.34713531213008864,0.5305064328805429,0
1316,0.09453364877394577,0.6833536297337796,0.34721188096493183,0
355833,0.029196860623900804,0.47875902077309607,0.6611515637789003,0
898592,0.12690955863148437,0.24416172315066642,0.6515986433959854,1
736860,0.1343988730762548,0.6845586947506398,0.5831950770446028,1
972073,0.08189565010124342,0.9412692378237643,0.8316633823361385,1
110724,0.08566771026118276,0.3616274165761668,0.6992428845214594,0
33595,0.035122545116809734,0.7855199787232996,0.9628721557333543,0
177573,0.12768873586290067,0.3707634782891498,0.9395920565023691,0
698353,0.058237968807906326,0.7206463196082055,0.5244573421007218,1
853590,0.03490292020521208,0.3358589242641775,0.8139556983194727,0
842399,0.14936472985592392,0.7236020068015676,0.739113467545424,1
982817,0.033647950486233744,0.261243142950798,0.1556548625557843,0
646967,0.058268190435569626,0.35171046768594993,0.37477140387947816,0
737498,0.0798753353421419,0.42940627220652783,0.14976140842929286,0
101898,0.0896818121986237,0.8452483544436562,0.9127947672461486,0
968447,0.09814718156348709,0.7065068371776874,0.38922202334139433,1
318842,0.0194326468860488,0.6139165243529603,0.7721843814518602,0
47741,0.05982610216186774,0.43856950695577435,0.4777543564555853,0
584910,0.10229305421023775,0.16865964861008997,0.6700491199665004,1
652982,0.08796686589272884,0.49981442879881366,0.621371936916159,1
412917,0.0307136547693641,0.025858935146693907,0.8815255641735543,0
944311,0.04080158834631265,0.6450107924162538,0.07197621411994837,0
647641,0.13747341821390235,0.807532699286774,0.7565317337755586,1
690559,0.04173916433621686,0.20234060777596918,0.6345287886929872,0
774578,0.03670808375614442,0.8884020000031821,0.27232824418618773,0
750661,0.11876651133493875,0.055044507803778675,0.561175934770778,1
200249,0.040803024097679,0.1599525967947102,0.03795491113089122,0
62874,0.11739291958610477,0.43323227564692435,0.3043343384459798,0
951821,0.11158659185557258,0.10218079497152754,0.7734717603288894,1
810900,0.14486832093944527,0.10844150165069255,0.5741925507620561,1
196690,0.02365143121562385,0.7359012645438533,0.040975847733079274,0
181596,0.12587147600243168,0.8313285818700011,0.010936833390152056,0
745524,0.048906247371302225,0.6541741268465385,0.5327187764477095,1
21291,0.09683307901989154,0.27338451401395125,0.30805686107315533,0
505197,0.12460063127428934,0.12067128836590468,0.5094050876643528,1
698893,0.024509713153357135,0.9612103396048289,0.6760535602984405,0
199866,0.07046237860502179,0.4112632610461294,0.9197391443748503,0
71671,0.07290239251244668,0.7557032636465112,0.9457199961605453,0
781917,0.08824012267238106,0.155006863019846,0.7732949217349794,1
919825,0.0968325239499826,0.7026602080746949,0.1550633056178189,1
699739,0.10063873217611193,0.005766088012540638,0.5349794787274328,1
110522,0.14056614356610939,0.3856478863380508,0.7954206221316124,0
883097,0.060667308408770416,0.5387824045715528,0.40562939310522594,1
109312,0.029326580481491928,0.3473485003381108,0.19205365943119723,0
871195,0.014104058815870277,0.8776007615296825,0.5055842931296757,0
649498,0.029895241744556447,0.7433304139841701,0.6923631613945374,0
60354,0.057824710811327035,0.11575635830983322,0.863596793737059,0
854496,0.012927374535947231,0.20494810461902357,0.2951317419191881,0
603929,0.12007104492991225,0.2748733678622908,0.4844974273729896,1
485321,0.05410229396648233,0.5758332775568517,0.2589103656457993,0
467937,0.13943729488041207,0.8028412345917874,0.581426089799001,1
170801,0.07605491190549785,0.7095121532212669,0.8944643658337607,0
239699,0.1254311271807628,0.4446658314739621,0.7583921401827194,0
682680,0.13234794101483402,0.5665771388224211,0.8374790036124534,1
240664,0.10104578672646647,0.021551232085574745,0.5289646745423623,0
213733,0.01772945056845333,0.9358072116213443,0.737967885327232,0
684847,0.10444753448519833,0.3773195878558968,0.378017487105175,1
629661,0.06512780006130722,0.35027751828928333,0.5757604127001378,1
698665,0.14898470650720377,0.9045745996118115,0.9100180461350632,1
702634,0.1028326228036862,0.43672834301359964,0.08264967225697328,0
57262,0.05250356066286867,0.8822239266434775,0.99153298982582,0
355893,0.07837980507998064,0.8163635738275421,0.3395303166367234,0
407558,0.0742052394442935,0.0186670286974292,0.6203883766506887,0
276637,0.0719574527326513,0.707338471896148,0.4658580391187108,0
735838,0.06834398398521696,0.9800383229101478,0.45359844417846473,1
812487,0.05334545596907928,0.5200948411761266,0.43701939615433283,1
35738,0.03982803966575468,0.2504912948294796,0.6812537539505682,0
181081,0.06334264210233102,0.3904455296826399,0.889377617913871,0
267028,0.05324731422016626,0.1595795257740289,0.9192793517493129,0
865481,0.06308587285587373,0.1045378311538,0.08805366129379044,0
411090,0.11504467118967929,0.7029014106254141,0.6952889319979106,1
895771,0.14646549707268908,0.8234101088418294,0.4539887937963153,1
701093,0.06716515011895095,0.19758767267638833,0.7556420008640935,1
270477,0.14924671120484206,0.26459610891571217,0.7506243596932194,1
622733,0.09941350836102562,0.5438414689276795,0.9433296594935751,1
543884,0.13806464994974524,0.12611005097792372,0.04726823050040496,0
499684,0.10807544101965513,0.5558786236929366,0.9222633392871282,1
360391,0.049633538684593304,0.7012081642584345,0.6205350163818576,0
863435,0.025184445710265714,0.7020309146716569,0.29567642009006057,0
372627,0.023079521908363702,0.7648127735863606,0.5262596159066771,0
640125,0.048796658440637165,0.8919703674473498,0.9277094655844061,1
951522,0.14527118952046778,0.3200646225490792,0.25728237875392723,1
486817,0.08967021958288893,0.5249118086455322,0.35827359861796004,0
998399,0.0380691105660524,0.9585019834426423,0.6023272005818519,1
783092,0.010400182147393132,0.6364190355552752,0.036611199591554566,0
441285,0.0952172947752297,0.0007259159333794507,0.05311344773373716,0
159771,0.017575622446565645,0.46637918991063765,0.5031351001882789,0
371897,0.14298228921411918,0.1690505149011574,0.24556060546852188,0
82893,0.018464907291571953,0.7659228728935329,0.04855453715183933,0
397671,0.018722386219516513,0.4383960304645429,0.12876827136267366,0
586797,0.04241355189753548,0.9254173126186673,0.42322230845733466,0
57501,0.037277473794443454,0.4433659539776894,0.24915591371357426,0
423180,0.1148858918120945,0.8355611588244906,0.45618580704782996,1
445781,0.04760840098459826,0.9960706647496634,0.09840979310103393,0
800133,0.09725428317711833,0.0888318843367899,0.009262319956477638,0
712127,0.11323848189757044,0.23058801819718788,0.183842997393998,0
877966,0.08865418071930038,0.21833540054240264,0.7702022049892918,1
389437,0.039370388679043286,0.2328461981667389,0.289759376333772,0
743026,0.06024036194183874,0.8392704763055204,0.5040982287828225,1
910638,0.06618195959736187,0.42861156368229847,0.6729227333897236,1
113433,0.1366880407513131,0.47041071094638387,0.13729729331389506,0
378922,0.018071584571510195,0.328621987618098,0.47369703637726757,0
171260,0.1021590527465263,0.47680810331405676,0.04833181655183638,0
563239,0.10711894823000286,0.2251467723600168,0.3408518246054958,0
61385,0.11996891785417786,0.6645111043859903,0.25900245557569446,0
600413,0.010912075928053004,0.5812441483972792,0.46258252013348555,0
697613,0.09034459028717211,0.783037218915345,0.1120598825543957,1
472265,0.029524441619936614,0.1907558001314269,0.5204563320714608,0
520654,0.03679817275931498,0.6423364680356325,0.03439020661774983,0
833678,0.10335889467807852,0.7776666960137854,0.7700492895170823,1
810713,0.14881136508824314,0.06091629263220211,0.46459198200192997,1
46642,0.10862114527872681,0.5634241445201172,0.19593739984906555,0
446250,0.012166642422024018,0.059390214322805,0.32944397904960265,0
315871,0.021825533995401575,0.4655314185284628,0.855082766231978,0
556786,0.14761689932523003,0.32134266545489243,0.6623361450975424,1
483672,0.013663269624317855,0.7158620336475868,0.5186677296946305,0
289074,0.013705058992226286,0.011478772727542608,0.568504470271354,0
775420,0.08711076477676157,0.07624931810599456,0.5303321959748082,1
429112,0.07814476215690282,0.6770387255522534,0.0983559454460392,0
349573,0.12123305579043916,0.9559983710466541,0.04446672886216452,0
85200,0.0937958287638659,0.5791993054112782,0.5509070136798235,0
958562,0.08444845461442602,0.43628430604445867,0.2306504025929197,1
747209,0.06031151955190852,0.46710139059012845,0.2120629647907868,0
167483,0.02550348240221252,0.6320827742077822,0.8396533828220759,0
87133,0.10160199664463787,0.9047426724196452,0.06649048021583459,0
461459,0.03277171914391798,0.5784325100867701,0.23565226287369623,0
530477,0.029208603096188022,0.7005444317078849,0.2049433637034902,0
251870,0.0729760409274224,0.19632369925898452,0.7501208588893848,0
650034,0.11466484092282248,0.8711942466139236,0.3880384043685994,1
71449,0.1461867220183948,0.27088744554526356,0.4729956812378454,0
228727,0.049612971745157566,0.37161679494561517,0.5984754738877703,0
384112,0.13951186087651798,0.6890277502510029,0.7195271036721056,1
437304,0.037307968226352246,0.8452616420075437,0.339368810368763,0
408632,0.13728082373173667,0.6054459178244642,0.2674542531710139,1
774083,0.08203099490944554,0.40690110498074183,0.6207757160139352,1
593607,0.07897817976150431,0.6625120968996905,0.8994373041871399,1
221167,0.14732640696312788,0.8203562033397895,0.46482985808963495,1
850191,0.03274517709975944,0.8174760901820973,0.9158767168494977,1
839433,0.09208164247216209,0.9919586656381878,0.34361813178319045,1
508610,0.11072949541988092,0.8084537288642593,0.9205072055891762,1
982777,0.13726267064632297,0.8413214957580145,0.3754315292264464,1
1796,0.011442888488026822,0.23312830689380648,0.6654046475401664,0
274804,0.03929598882518977,0.1286592188909682,0.7591573407474361,0
135678,0.12780377425404182,0.8635101395464752,0.11259472547766891,0
481699,0.0763778521923779,0.9244116933986988,0.19985793433134957,0
309642,0.13175573765700052,0.9907216310046457,0.741045830804995,1
173734,0.0715552347571211,0.21038505539986774,0.5141460656611411,0
290149,0.03607375118142212,0.4142641812767258,0.9501807309876269,0
268220,0.1368629941040014,0.308719748354649,0.03304662024862359,0
660341,0.04934416907043462,0.7274253156249877,0.06883356047024503,0
943167,0.13686758336022,0.8348127998525158,0.44589823478834956,1
305849,0.019072197760801962,0.26730493339984185,0.6904727047179946,0
900662,0.06747150509689856,0.2985050092678675,0.5505910363396644,1
107284,0.07420547025740251,0.7726761313792214,0.9920303139379254,0
128445,0.026053845393917703,0.3220355916671245,0.1598316613926637,0
891411,0.03299428592826832,0.3090264422533242,0.01937071886678432,0
253153,0.11477343843289148,0.6164174867674742,0.8805221284266465,1
34703,0.07261621863198117,0.6716298006285725,0.6665101064921404,0
856458,0.027938839549856438,0.38960579078025426,0.16588038577472997,0
78351,0.010001956728653847,0.5265957123048054,0.7429568927713597,0
982304,0.042513446388556315,0.44674071710802576,0.7784620995839655,1
972967,0.04158712914866444,0.782401307648404,0.9686428634724792,1
232810,0.08388279762663409,0.17931140405493096,0.6972612642649647,0
37272,0.020203133569821716,0.48030169059079186,0.61649796764928,0
422039,0.018060143993720586,0.8305393518006606,0.43584979086513087,0
643965,0.05712540724602925,0.06010568642581848,0.10485822733110772,0
390661,0.02104981000355264,0.027346553690362096,0.19074577534498727,0
758268,0.11290727585271401,0.44540290630611945,0.6414398770356136,1
148221,0.08447358318161127,0.6793803229400591,0.9441608971120149,0
327709,0.138166389610215,0.6553972484305891,0.749881212302225,1
618955,0.08142036378038563,0.47127981303673183,0.8655413607146222,1
691947,0.11186723574334591,0.8770116085284111,0.4290363355107195,1
864081,0.01851326141174977,0.29336029722380863,0.1457516056213195,0
208525,0.04963400728101605,0.08231865159808804,0.24979224907950726,0
209842,0.12724667431314987,0.9231445785090258,0.9638106132238492,1
747865,0.08395991570173135,0.9761924599997422,0.9499902551935511,1
611951,0.027249128335126,0.08573135999714776,0.33013651363591867,0
279498,0.11385794051817591,0.3706172242079707,0.325545650724809,0
173714,0.09683020984929759,0.42907428878091136,0.2936447330550809,0
498798,0.13477522982621054,0.49759395845503873,0.6422866515281369,1
337589,0.11940635929915691,0.3825956708274977,0.33885416832603255,0
146554,0.13540319953721505,0.5958817059220455,0.5353400481289268,0
431239,0.10723504391683603,0.42113874035704657,0.9269976290030845,1
662239,0.13392539882910579,0.6945084644038296,0.5877353673764322,1
333021,0.08605679629841384,0.9656410971553196,0.37444991324914123,0
663790,0.0732908162049232,0.10922794395223645,0.3446505808361642,0
581668,0.011333892792395306,0.7117516975134881,0.28047819819371766,0
140472,0.08054989439331303,0.48591336576612965,0.9916102933867125,0
953160,0.07248133517024885,0.5906776644332102,0.7303655242361906,1
729674,0.1496140902445613,0.7662001924605095,0.4643939587352436,1
977939,0.07870665198245899,0.9414929755602743,0.29881466371326615,1
262618,0.1400321683040658,0.8414659382450749,0.8306040371635218,1
278712,0.08154902629016876,0.7233553321161661,0.15294142286607626,0
929126,0.020015911530569835,0.3760442678489513,0.9662400513822029,0
867287,0.07863530214642435,0.18609565543866924,0.5730934660134601,1
705295,0.030093798517667462,0.11122244443447404,0.8484751885929125,0
618501,0.09919849848957,0.16786893460195007,0.542237516626885,1
158009,0.13583378151986553,0.5627815228515398,0.5424737493523119,0
467408,0.0454637047212891,0.3657386543363117,0.7812244441204816,0
345671,0.03985604812856352,0.33604335587233125,0.5454317732883032,0
381331,0.0144879927397724,0.856870188061169,0.31955208532023804,0
829760,0.09355600720117012,0.6002105649711771,0.510468306839632,1
534525,0.1275194598882073,0.8326838663143543,0.0880474977146013,1
278835,0.05771318849413603,0.1995412850137228,0.7301546583824978,0
532216,0.05624978158489183,0.23673711604874403,0.4319647078107629,0
228601,0.05390010445999071,0.9380599498121591,0.1302125536876101,0
191498,0.060621454277369834,0.11084393001918125,0.036615394388373024,0
438163,0.11133711937571208,0.7320057423764339,0.40055002194956146,1
47153,0.10759898147501479,0.587954910977058,0.22372365112746972,0
901466,0.07585915830168512,0.044022706175098514,0.8743277935002483,1
367860,0.03200428933642675,0.4134588304851039,0.12779341947555323,0
726316,0.1048407346254333,0.9075521009920471,0.2559598487023036,1
410996,0.06550940392398766,0.9977340526707701,0.33852428596623796,0
668332,0.02513266540659071,0.3324200235613446,0.6322893623870596,0
393828,0.11719979065125176,0.8309278930048943,0.16471265045602201,1
927196,0.07131497733796466,0.8545212715652512,0.7481451148069895,1
633555,0.08191655430769604,0.432226508101635,0.8217839838351911,1
299296,0.03714149753858993,0.14951791198293807,0.15497852801312006,0
394283,0.14659379195274821,0.9864220045655492,0.4466347613091307,1
407194,0.04711826464894254,0.019890113073035343,0.5395137839335391,0
853618,0.09807841108694373,0.09273306575984785,0.04156481082888486,0
638792,0.1181362588994792,0.2542545966029073,0.18353384162298603,0
970657,0.07182129588233199,0.9485384802194302,0.3147229566727624,1
312412,0.11583665315379416,0.6787405789794592,0.44218367461354635,0
678517,0.04293940223398556,0.1221538565346737,0.5891534084330953,0
204039,0.06613927582785827,0.03241873537898121,0.4624145812441758,0
385474,0.02808387059970431,0.0853854842766153,0.4365355530867455,0
895951,0.12772156404578047,0.10068723824738612,0.7787424176933704,1
482456,0.05515343698641783,0.3830330345755306,0.7053267453502032,0
553455,0.0939588027859413,0.3338956585958951,0.8468595331333856,1
660244,0.12256786719151963,0.04139658894612663,0.31506172475023186,0
651616,0.08668049716047624,0.9377075224051579,0.09757833259616266,1
950960,0.03844312253255449,0.8891788820019507,0.04721107048737927,0
270491,0.13744685168371992,0.6042307798044039,0.5763004818313804,1
791148,0.14079318349611256,0.5697180069726712,0.556829532587637,1
343271,0.025665301046310346,0.35787027222886114,0.015339488100937992,0
789379,0.08251096653293159,0.5511362639127108,0.9661346427808039,1
561789,0.10068122349104805,0.15482370528968314,0.9830082050449824,1
716506,0.11199511305780846,0.7207861254829759,0.600139520631014,1
716111,0.14605935708398946,0.8934267791419984,0.20236949231065682,1
569441,0.05277262417254515,0.7960724262795332,0.400654090046642,0
353571,0.03310619859307431,0.6359512039077324,0.11871426796660223,0
236657,0.14413459290033695,0.410847364056392,0.5374075934791697,0
243760,0.11652931009170893,0.9612946052753341,0.8056640914478198,1
437710,0.14694049905959577,0.09943919837386828,0.8679477412149008,1
675406,0.04107879453081677,0.48015843235953515,0.33507667221937465,0
403704,0.09620289431518786,0.16426076411965462,0.9254154710033786,1
15263,0.1273337621209734,0.5188364400011601,0.6694605454448631,0
794670,0.12630450151620035,0.4611050490727344,0.8687332341764618,1
120511,0.10162043839055454,0.9477894686870345,0.3047989364438016,0
749191,0.04692520633525939,0.5089064163606575,0.71432022033613,1
890721,0.09755462188383654,0.9987915265023617,0.6288825009310445,1
747944,0.10440691889729269,0.4034119333166364,0.9514697246941554,1
202228,0.10633615073688,0.9747656219612235,0.13504523213619113,0
949621,0.07154491151629387,0.2855211185155514,0.46711867695147424,1
284833,0.09332297923766736,0.00046680221303307956,0.23134172343407888,0
189060,0.028269994874886135,0.635933573237577,0.889408696485836,0
664347,0.035035603942530226,0.7144809120099654,0.13270836683856568,0
533442,0.11530590814202596,0.7629323920802578,0.8935610457292901,1
285768,0.014227135263810335,0.7558882085499383,0.985593333279737,0
406003,0.11436804512739566,0.05442137857954965,0.4398241666199284,0
130081,0.14189482179011834,0.1385719100775017,0.9710015137364714,0
957062,0.046506289464148955,0.8095021731155986,0.7174208530394041,1
717220,0.14498446419468855,0.5358140013108277,0.07859370727213044,1
123861,0.11027929030270223,0.6623588048546438,0.4883658194598297,0
944584,0.09617023305653775,0.06568139752530477,0.0780226718698539,0
19589,0.1425392088200292,0.5655609112218609,0.450447901735636,0
671258,0.027169593600954597,0.36973477407835864,0.33268989895443746,0
509715,0.12738660822405581,0.25192618718631643,0.6407552271343159,1
71380,0.13400235461321242,0.4446587311592971,0.09509634549455659,0
324040,0.09686919349686908,0.05225620364579997,0.9638441395380366,0
773928,0.10245074374398702,0.8946023396350986,0.6175042785987311,1
19524,0.09418656936322056,0.36960595654146566,0.8844874318262377,0
351903,0.13819307362960367,0.9390133583647778,0.9680271938536622,1
797980,0.03476216173805408,0.4916321651269634,0.8620357277560746,1
590679,0.022351276697840643,0.3200520079941227,0.5610980563647434,0
318656,0.05857706599994064,0.6829038740258665,0.3440067347453143,0
526520,0.07759379155758782,0.6098416523940806,0.4959609087088357,1
737334,0.05754984055734227,0.32539938766902066,0.8427946134624551,1
527102,0.05752598378819109,0.6406450950569045,0.5243607066285837,0
721134,0.028261060889319997,0.7596135799686887,0.27355236308758746,0
363565,0.1100485816130144,0.3795472035314672,0.6910907369807867,1
914096,0.1134380679900244,0.7765959655253948,0.8700634717943914,1
86423,0.06492016413540962,0.19163001951368275,0.06515582558760924,0
734910,0.14041126832958079,0.7303246491819729,0.9309499591599047,1
581764,0.017133108712987996,0.09018457871066343,0.5616612181944994,0
29374,0.08245194329024717,0.8440624358783054,0.13813509357787845,0
522845,0.13920250807287848,0.21525238792907198,0.967315539723402,1
486136,0.02140248227381275,0.801330644799148,0.37763337316436685,0
784895,0.08845523999562825,0.07492708822831118,0.5978830107292098,1
271950,0.12302496250469498,0.068066449471475,0.35381386587985175,0
298845,0.10411172692914258,0.15382862269769604,0.10618814304727464,0
825973,0.08614915008280834,0.34899195269140626,0.8173923313430247,1
150031,0.01819555968008365,0.9277369749966002,0.3348426685562955,0
323381,0.1366907114516615,0.6674534855809038,0.5841867296837248,1
919611,0.07388031547476881,0.23569614148120288,0.3436993791001831,1
512125,0.07299382755816479,0.7601591690801774,0.954046875727552,1
956953,0.06429616656720909,0.8035625061925716,0.36781433416156994,1
132269,0.10705102984208285,0.22490961731667802,0.09267828082470142,0
713906,0.042780725226326984,0.2502907314643451,0.4151785154217501,0
920653,0.11980030589441704,0.3307568379461233,0.7572267690306604,1
396944,0.12263743992701387,0.08541398046822923,0.5777630072176034,0
990686,0.019121237337339253,0.7665095512437717,0.1371260184438039,0
681926,0.025533097300079036,0.15770380298399678,0.37423337879141605,0
692173,0.02633888044540958,0.8266015171830343,0.7291611065281355,0
795818,0.05877999423439504,0.39945964564164615,0.5886283520894562,1
822380,0.08138719813882521,0.6988768460574571,0.23587453884104737,1
337390,0.10112072491300175,0.2984398448864636,0.6948410559348752,0
862356,0.020894281792759407,0.902690279870698,0.24979092455055307,0
560872,0.021100857471398865,0.45988151748792705,0.09765020481398723,0
838168,0.1038374597773765,0.353421872460168,0.7279673265902575,1
925226,0.029393505042832217,0.5251583391484729,0.6512274689026588,0
980879,0.12449361243515542,0.5449724482208824,0.31923592699533476,1
460113,0.018453128417704863,0.09901044206541199,0.3447322305610987,0
352617,0.12939721626934073,0.5567049297635474,0.2626014394445634,0
893209,0.11680873477238526,0.8073731388680171,0.7438306706279818,1
180292,0.09080712010501049,0.283032218567289,0.15091509237645873,0
520227,0.12121324423451371,0.29571142959728214,0.4380811894709561,1
103331,0.010170424839038739,0.03360015667690652,0.0051402911761799785,0
890876,0.0676533294331838,0.10605920055736884,0.5062195588094818,1
951275,0.1359197854663804,0.6811609215595745,0.6080378619668583,1
402904,0.12246380227282873,0.4229569244601793,0.9091396259967643,1
853373,0.09346985900041263,0.15193736873667218,0.48706473159760233,1
613586,0.09902764244947662,0.5302637883395867,0.48045035243146916,1
461242,0.09146352395846066,0.8024734584958323,0.8964064452949358,1
479436,0.04479506856111058,0.10380245169808044,0.24856358096088027,0
137314,0.13275075946592096,0.039973016768539926,0.1758951604289306,0
639639,0.10228155561509117,0.33189877082010466,0.47953564267711535,1
808038,0.07420717870118577,0.21687011157784397,0.2708875818458746,0
711600,0.1099530847866871,0.050680481605325456,0.8637872699380844,1
899619,0.07382086602882999,0.7521535396237463,0.7830759488165008,1
88135,0.043144523159851685,0.8276951360353204,0.5931279702712537,0
3336,0.0979624177235959,0.2422626874702889,0.4536415315760638,0
954329,0.08874032801344149,0.10230532648618795,0.7806477405464497,1
758215,0.010415644954740884,0.35535229313044836,0.34248296903480935,0
652653,0.034632164074993914,0.18638177519751287,0.2136626594198202,0
897301,0.1359629552225614,0.048554525210488864,0.49347331149879015,1
683373,0.05305448840318621,0.8756819329526517,0.6160977709271065,1
948200,0.06184272823585747,0.19102029774767137,0.6293406385388886,1
43329,0.09550407313404004,0.5990518805051726,0.5503219374395848,0
732595,0.11098796694901567,0.35108001140588385,0.23575670193775544,1
303702,0.14563020166800303,0.1429540780226286,0.9722552522333396,1
477233,0.030604370219364775,0.8428542594041167,0.572239166112111,0
463353,0.14036042344110164,0.7232107348569818,0.586302225594248,1
649782,0.10508138987171566,0.7115349076048054,0.05723768088854664,1
747092,0.02457993437340307,0.7171932023621439,0.9580316639210856,0
901199,0.017154327888259067,0.7736624642167415,0.8482517238332916,0
335372,0.03463754282529276,0.8462567447175509,0.516847384718,0
187993,0.14208098345966627,0.26699779850373573,0.22262757263059973,0
254681,0.10746787126193331,0.9867460919253106,0.4020378527048012,0
529773,0.1291260928679496,0.7607700898155771,0.553740153516858,1
509548,0.08033498791643452,0.9030378878805247,0.055751300796648695,0
791668,0.012402070157467741,0.10954475464765889,0.0972013976249183,0
294649,0.07109204470338552,0.5386879168620068,0.03990009105858283,0
449553,0.04687698516357182,0.9946096675259312,0.5555835675332234,0
837772,0.015165669040437549,0.7448507940305228,0.7901211616113765,0
175971,0.0707193560798558,0.3942198474480242,0.9596061767702417,0
631432,0.13514911991125503,0.04925413518239696,0.5822081350891566,1
288365,0.10609888621711147,0.43263673294819627,0.9631535121796567,1
438879,0.06072192867397333,0.5589965855804444,0.7283829838945558,0
400867,0.01389295211505091,0.616496650188514,0.9578988871155136,0
96112,0.011516542817020286,0.4577199487443846,0.32148721540030634,0
564098,0.1007994896756554,0.18769721202776735,0.1816704851568649,0
681573,0.11663929253173723,0.35383424571724764,0.8736985233528464,1
478121,0.06148868852026954,0.8833894089183052,0.5686584331185217,1
855974,0.07726778453599016,0.8011998060084221,0.2682208534366487,1
595850,0.09039300984143453,0.4895999715098176,0.9672540168491668,1
260562,0.13420224170637912,0.9272829703482798,0.2390338487761442,0
264901,0.07541888226373938,0.9736837743115313,0.8172179522883217,0
187625,0.0476584970022735,0.25516314787743144,0.31351279490624206,0
271853,0.049641681574867064,0.7990628797569524,0.07669599606100896,0
345436,0.04597037404720459,0.46637379881993624,0.8597950765089512,0
610253,0.0765280814187569,0.583938509433274,0.9378438388688966,1
741579,0.11747479447367312,0.7027734839281945,0.7797434943092366,1
355911,0.05636546505210239,0.18766277758365457,0.834372640302275,0
228873,0.1205270741886479,0.845772517944811,0.1808392028823006,0
812918,0.08967194657049991,0.6440352860829824,0.5935719529887237,1
728949,0.05263875026423846,0.2376880651260519,0.3547718048560108,0
10725,0.0279051666981806,0.5401228871480197,0.3572266990242301,0
126521,0.07574438474434188,0.07043898960232065,0.02538860319006586,0
79847,0.08892675570636362,0.8486297413676331,0.09684249547621637,0
627802,0.06353607304556752,0.6268758545340278,0.10154481871885768,0
828034,0.05241461201688535,0.021484533267748906,0.043258791583853484,0
298322,0.024421210909029635,0.9905022037428983,0.5469901396622889,0
566439,0.12649502248898395,0.867784961128678,0.9144311022732985,1
129780,0.10094975226054184,0.9524299556581534,0.09418787882264934,0
774708,0.1366898196242286,0.5457438402612799,0.4732290419173848,1
516332,0.14070833001354277,0.5811616622148263,0.7795565633980734,1
935955,0.08447146541849827,0.42475340400798944,0.9438436556282568,1
963243,0.06533280372564808,0.8114951418668641,0.043106037227039096,1
290683,0.07734216492121158,0.6451421432998823,0.5437543521319514,0
736989,0.09178337879369136,0.40567140358684395,0.4901709722614579,1
918954,0.12079334631777344,0.02746573892694193,0.03607679466440106,0
702332,0.034814137421284294,0.9737806658566672,0.24436709977168214,0
402064,0.10498171619515413,0.007432662508054855,0.4401275259847508,0
942183,0.06924208103199354,0.04280979171672472,0.5632274888937722,1
514603,0.11296656483462617,0.7740306766381478,0.6767721535350525,1
543393,0.013768823455412603,0.24101899514909464,0.19819703065060124,0
940597,0.13413179987483806,0.3059729508718865,0.7853349362729506,1
838480,0.12283924924807177,0.1203295568336259,0.30883291055502526,1
643951,0.05719410878924931,0.8475587863736501,0.7555978386934681,1
837658,0.13382446358042163,0.027627324331846226,0.2893991707985385,1
174141,0.05346073463903265,0.81232442172003,0.012670487495611837,0
435701,0.1152908924543329,0.8741924252709609,0.9453116103097801,1
9819,0.01466684219260145,0.1656863186096975,0.8676627033020491,0
943468,0.121747587812806,0.5758133128169103,0.1222737530902932,1
696586,0.0966599214722046,0.17520473976482498,0.08969585888380993,0
106595,0.08427117180921406,0.24999598633419806,0.6187754465749754,0
818744,0.14334887711070185,0.6276216243103806,0.7541936680968522,1
336948,0.13106045002433517,0.9883156113146837,0.2995075217764892,1
969201,0.028737394389568273,0.9992133198929509,0.284826289882511,0
219218,0.056965763013646475,0.765092151315894,0.30521354490964137,0
384289,0.13582257175474147,0.17628715533293704,0.19176359034116697,0
68936,0.08642496290171658,0.18548346819184858,0.002742973874303334,0
397327,0.1206891073958572,0.8911360505599292,0.28689037641245707,1
226802,0.033750644924709396,0.8744016503439305,0.11241435906861597,0
864796,0.10342401179896422,0.06144415264260017,0.3461050766364119,1
503338,0.024990804508163888,0.8740499816156668,0.3750691940187788,0
959160,0.09825055999749062,0.7916176418693941,0.9133995663010731,1
6269,0.08496500967594783,0.8850960295427085,0.551015784748546,0
725501,0.06304728166908405,0.7989794772603979,0.9847927093802381,1
749811,0.01110771160478382,0.3249021291003703,0.6365852236648226,0
174458,0.11991742715659606,0.33551411074320536,0.10475317537728013,0
666889,0.12153927253254149,0.7090551712031391,0.16267446327011936,1
768540,0.07572958168443429,0.26443257092118744,0.2797118909763472,0
940865,0.03975993317194491,0.13617523783464025,0.7287091461814506,0
624038,0.13961663441980107,0.9587846652373411,0.523592903673673,1
573057,0.12223635356841998,0.4189863718552784,0.5838618651496392,1
153049,0.1440732447523516,0.33729030535641047,0.039149287833131874,0
680606,0.03168584075983414,0.15248102451616152,0.2959610100071405,0
906274,0.11166431259704543,0.3012637266943653,0.5271397776120088,1
963981,0.07957150351395807,0.6714680298122172,0.314627503347782,1
808018,0.032080469090245874,0.10585208030752147,0.759359447873862,0
308867,0.043885479196015896,0.3910318879213577,0.7796283182124172,0
514682,0.08967792793213561,0.20395395732324995,0.9782872150425671,1
678472,0.10123568666225186,0.039633582837158454,0.29949055140910286,0
213585,0.12338212177584781,0.47873935317879623,0.25601107633978415,0
261860,0.10373964288550178,0.5397561299068842,0.12311823587121196,0
254253,0.09010586717580513,0.02127501599935655,0.32015902168283206,0
541996,0.08829566200894724,0.6412486924438727,0.8546764091093189,1
176051,0.020249647263034548,0.2631424903655726,0.27292121505640154,0
464119,0.040930361422226266,0.10269280285617521,0.7487323783903864,0
15685,0.058307728194995724,0.02423809377276509,0.13099953603327463,0
574524,0.04605303293743413,0.20370546104585274,0.4635389788525336,0
983752,0.12467578676907629,0.7522877923739298,0.9556561047190996,1
817894,0.04072716939285909,0.21648231181075306,0.33952859485614706,0
16146,0.09750615699717438,0.48752355962853655,0.03397506590766686,0
68877,0.027184628081804038,0.24009561065614227,0.6913843700991896,0
165988,0.01646311202036705,0.5499080377690351,0.6564392215659071,0
650837,0.04513631459150494,0.8191685816411834,0.1859732783549557,0
710106,0.14725272317087992,0.14920589416493013,0.41830618001647235,1
290505,0.08194078328966072,0.5290955054012652,0.5277931650980596,0
644963,0.0818520142090812,0.5614184814874932,0.4327355912047659,1
4467,0.05736928291603738,0.04254710862973177,0.21886494359629416,0
812636,0.07719901211352818,0.8948724209280272,0.012597631666301234,1
259511,0.11594994969459742,0.5436690529808447,0.6080364640439203,0
425485,0.14016092749824105,0.7766841399205712,0.3304391418252458,1
577288,0.0594241950001177,0.12484708465594085,0.2189778679719283,0
362371,0.05110302341633461,0.6252351360967837,0.4000856450789545,0
410008,0.07357418291895958,0.5275806203374754,0.502320505409011,0
406826,0.023211600820799684,0.3637375354108724,0.42833970828211976,0
409758,0.03290506022981471,0.6506336681758782,0.9906355361137962,0
814725,0.03384607707354114,0.7913170364565593,0.13360857038399898,0
618084,0.13253393753269085,0.26184800934624897,0.291601237810203,1
455268,0.14799424287842428,0.00493718672182164,0.5535969497856351,1
37509,0.13500185306185394,0.26966940402161166,0.9206479426844317,0
741262,0.13467310343277702,0.2855142982820448,0.41017768374079666,1
51659,0.054552210993309466,0.8447491924340211,0.6037674289783699,0
435392,0.038621742252362826,0.16282917228439053,0.7272545091085154,0
989315,0.12492138533459715,0.19564884762599866,0.8861737471224704,1
615450,0.14389192717319121,0.7870146355098946,0.5196408059106407,1
149944,0.01710013175831033,0.5199051060795951,0.8712983971314664,0
411503,0.13199951567903398,0.01357965654691895,0.029664686427366527,0
729000,0.10304078252144565,0.0631090302172671,0.4742044430068991,1
154001,0.07015460908748196,0.4950146438401445,0.10410271629263246,0
724335,0.1337639875357846,0.7191936953197806,0.4170393530167026,1
233770,0.1466908446364015,0.656388597288697,0.6083562033038721,1
923734,0.12563754234359112,0.010721687556841553,0.979175094867228,1
560804,0.09307189237574298,0.3720931064134837,0.5186017979489871,1
761005,0.14754981441259718,0.8750840034930257,0.9425830645411802,1
459555,0.10967158064129987,0.624828576975489,0.6714066969268887,1
16638,0.06753089130713157,0.6591347049654891,0.4567897753915181,0
822773,0.09896848702540366,0.4377489969175392,0.7534962322811251,1
709786,0.09133022269130449,0.9384224405317587,0.38482113639873416,1
791910,0.13624243866604102,0.5296959039037523,0.24842254914811257,1
701298,0.11235824834841386,0.30674512731521875,0.42943988940842415,1
806894,0.13296938690396062,0.5685244674693393,0.34740442674004324,1
874384,0.04349377794764498,0.1239599951447572,0.44339576349882326,0
890491,0.07745905485833646,0.6561848177726612,0.7335951429202632,1
774331,0.046350584939813574,0.4621929936189675,0.5337630519435557,0
849611,0.06555258751661848,0.05295690017672272,0.907165517338044,1
991371,0.08140983989754635,0.6498828663992827,0.03378901634667708,1
602049,0.06437097142119437,0.2838567353879323,0.8975450580055205,1
684169,0.10650154686368901,0.25750845772366493,0.8607335036592202,1
245189,0.07061122143934039,0.9066471824615352,0.8380864545917126,0
65648,0.010021810089361365,0.23409515032700257,0.5322956792718838,0
81850,0.10190233411928538,0.4332954228145377,0.3970770520572118,0
134484,0.049204331606931696,0.39057188351233807,0.17480219955321408,0
522186,0.09496156523140849,0.5923653414895544,0.1943701009841814,0
868633,0.10639472286015389,0.2831961465214031,0.9845125816183361,1
784416,0.1312893115565808,0.4758186850223892,0.8405211560328052,1
319005,0.09691311156225395,0.01276888873987514,0.916941802086892,0
562928,0.09663898224973354,0.23648706689981713,0.7050318121557644,1
947675,0.13048409068753544,0.10190577038814119,0.48822096915082414,1
51132,0.015109386287366198,0.19956351926126192,0.6777681123454897,0
55414,0.10994402580232675,0.04191572467575233,0.9829480902840932,0
791482,0.03257434571454624,0.4258416716332506,0.9105240939838275,0
578088,0.07097979993937807,0.8814779475403509,0.8897953909054704,1
497958,0.06095849352912356,0.35751737700480024,0.9047903861736861,1
941856,0.08527626297740927,0.5087296139794024,0.33825883159760317,1
389140,0.13179822617913856,0.9744548666527469,0.424169081675988,1
382772,0.1255744571949617,0.8817659408708559,0.9781738074063233,1
17876,0.017702814290280745,0.6062811913301693,0.6918578797461719,0
66732,0.12214223638893472,0.1479404743615902,0.6827732468806369,0
863577,0.08202694707045345,0.2062415114306254,0.7431411913360664,1
458169,0.014824578800227993,0.17430990426296777,0.1304465544040766,0
440038,0.056563717318599084,0.9081214903166385,0.07780580046926133,0
853270,0.016031692932317643,0.8276892701535653,0.08288781515990185,0
334047,0.08608317608867806,0.31371118919239116,0.41336298716871434,0
538480,0.03160152423464592,0.48883459733286516,0.4093596819407468,0
807677,0.08241579470997538,0.655939422523849,0.31591136357102434,1
107931,0.11043004933091431,0.7605608278350785,0.2629804084642926,0
397772,0.09770385443482144,0.3140253558991931,0.8835912947733405,1
463424,0.024774623563537976,0.45089648816635464,0.33125811604925326,0
520569,0.10162994425434384,0.8279917037943914,0.1917113429484275,1
881751,0.026384402005722278,0.8685003516147374,0.0725426132964615,0
574669,0.13710749707322772,0.8838589084536603,0.5264650885175607,1
230359,0.04543206849668255,0.9050647622662271,0.359640828390302,0
22009,0.11817992693532782,0.3618895836837912,0.6832560448187982,0
256181,0.049468677480363335,0.55017340882885,0.3269048458274225,0
302744,0.03445870937952386,0.25796492101662527,0.10863165117211249,0
173943,0.11511656431188387,0.25351546728011587,0.559051171982196,0
387194,0.12288120830851575,0.16490256476786969,0.7827055667790875,1
72929,0.07607034264524665,0.7059910613284367,0.5541871208448443,0
696427,0.1212883126962186,0.9817116240576396,0.0657352754806152,1
433201,0.06325311157282168,0.020254754296383237,0.20174484073818888,0
425712,0.0888347253939285,0.8335995478789568,0.2391724477803887,0
884997,0.12090875416145021,0.49246007605910613,0.8525527427030303,1
85005,0.08381189162464281,0.3418616202075737,0.0438039374204785,0
641161,0.10337557406799616,0.4906370859529977,0.10044285636399153,0
1549,0.12877699360051925,0.5797233434305595,0.904579470658679,0
294137,0.033653980723217736,0.6078006146685047,0.29672432551996075,0
166659,0.02347963569470677,0.22719502190173801,0.7429051430365986,0
533886,0.13498218303965517,0.6365013503642463,0.5248983366032989,1
192684,0.09169880945112414,0.060958883854256296,0.47975535597755303,0
35063,0.0496228320092116,0.35968916502221315,0.8142502441799427,0
319569,0.12647372830512804,0.4882764822623358,0.9287274526066936,1
118657,0.13649056790986833,0.4397438691923625,0.8994845424360285,0
847597,0.11249517753049938,0.2687255874266846,0.8905585436419086,1
399415,0.05874874924636933,0.9499243747088514,0.03309906615793479,0
735984,0.09726146673303589,0.044499619568681426,0.9031858927379841,1
939752,0.02491304795257492,0.34949779813137927,0.08919083496059743,0
403452,0.04893705489300497,0.13195240605775727,0.39296704097027746,0
175977,0.07985595202566016,0.5342623029632577,0.11161614526379227,0
109637,0.1170721331223767,0.4521894797326558,0.4398941154060524,0
617422,0.08606282702873347,0.1583568014194806,0.749547047806387,1
550639,0.10647159426003178,0.43945104221150433,0.7470636474707242,1
206524,0.0979528142113025,0.7953904631885416,0.8723219253397523,0
930268,0.10616868705282573,0.18376568187574582,0.9701692261816914,1
368017,0.06865012304719545,0.8018909596901183,0.38251526104406863,0
271177,0.0999579684522334,0.8040921435059399,0.014489699197619443,0
850424,0.0216176298674356,0.69151467131725,0.7581399922871511,0
540475,0.09294216864399055,0.24174455117387128,0.7516499587095794,1
501637,0.10101658604344464,0.5055898772405262,0.19730047769580528,0
372506,0.14053623615906666,0.8404101718177346,0.09682176103442752,1
820612,0.13270891154624392,0.9047782017980297,0.7951912360909783,1
591548,0.0433168815668741,0.7425700669884628,0.9997803908022406,1
29315,0.12937509153953233,0.35417034563658256,0.624862730254238,0
442915,0.09109238722330862,0.6529659359731269,0.22071251642526235,0
174078,0.07435719997921032,0.07364313246486232,0.1376190329711141,0
365055,0.07473494344167679,0.7958308209966397,0.9891407663607884,1
322695,0.14447969100646144,0.19162221274994917,0.2670441152421621,0
250249,0.015740175057912507,0.26518824796720375,0.10870328517840333,0
148347,0.012191156558228087,0.9939126713283496,0.763108869624766,0
361704,0.08251824353824395,0.09130535813937923,0.7421377195240636,0
300064,0.07502877549830275,0.5687117101451771,0.04779382361444939,0
667231,0.11339139030870687,0.44536147904357914,0.6850729734181251,1
724355,0.07789300142122416,0.040665370423274116,0.6366842274917975,1
813971,0.01457422769512685,0.7679290527968242,0.5220475340584494,0
972666,0.10890347885671615,0.7041739339599239,0.2035652849382905,1
4940,0.02250625895200137,0.5352367424508969,0.6795029579906124,0
437143,0.020840442223746182,0.03812756142318485,0.49951988045423257,0
907987,0.14682048071727496,0.45185503926311865,0.9697235009706794,1
735042,0.10008774959554596,0.4045584697885716,0.74312461541617,1
725116,0.035133832897316065,0.03570358758812875,0.9602028310448549,0
789548,0.015185064256841747,0.5935877106132013,0.1929946422788027,0
218346,0.1433204119221109,0.7388680655280683,0.665702932340498,1
495380,0.015215534867522851,0.9904550830316531,0.15030664792931026,0
147990,0.06191701776614353,0.782916061520532,0.706846855197721,0
957075,0.08804043230170534,0.7930676276953159,0.4258548664567682,1
859640,0.04059811751445005,0.9786862902388048,0.5729326502937655,1
647432,0.12845262491465237,0.6713899163617961,0.9791716463234728,1
560903,0.12155939270024742,0.5821533561330765,0.79503083374034,1
633680,0.08740210933646249,0.15120314079261643,0.43871715652414955,0
644792,0.05196111946761803,0.4995052948166476,0.1403865558447035,0
178833,0.03729404973691568,0.39152395303144627,0.21407115264309018,0
556728,0.11145591466516434,0.4493964413780056,0.7768074556571307,1
433401,0.10447763483965396,0.24269268669585387,0.5475862435234718,0
464679,0.05299256735995909,0.09176703708902323,0.9324904977850097,0
493937,0.06528174479903787,0.264451958212344,0.10915716166096012,0
530253,0.13358046216135228,0.3481007250279128,0.5233531231254062,1
581478,0.01116156336827736,0.3020165549932665,0.8176787573826902,0
701213,0.05573770363918124,0.5503520918666354,0.05884889708484853,0
854945,0.034304126019641105,0.18551387127115926,0.9201463005695061,0
16671,0.07301696317221983,0.537897255649868,0.7786082717725911,0
369285,0.06875785534948216,0.6105469953898133,0.3712553065257199,0
348385,0.05910826858855311,0.14012116974894273,0.2154130339121082,0
289949,0.024205688728077622,0.6159256572860828,0.9990326590015387,0
700006,0.0371304804284715,0.2765323471838438,0.3476870339465372,0
910199,0.020766953204448775,0.790017769403326,0.8518166632350381,0
370931,0.07210063788363386,0.4672350656549339,0.46443153068319043,0
943792,0.12863520072414092,0.7368440915252087,0.4137732917822303,1
330222,0.04755133503040195,0.6104268642743519,0.013490226082606527,0
225804,0.07503696400081981,0.3332773178328611,0.4597895234938749,0
293509,0.05781127561029194,0.4155210894128072,0.5665558966092133,0
431194,0.029446567885016053,0.5848532129817512,0.47312342894604165,0
257622,0.08077220412259883,0.5811428673576317,0.24977263249466908,0
808717,0.010504520162744835,0.06880264451442453,0.3344512426895898,0
224176,0.06366679156189296,0.6064162453770418,0.5841329340401102,0
85531,0.02231125513035173,0.7825710651595278,0.6751090603300526,0
831266,0.09401648871890042,0.7295940096556504,0.7006307213440027,1
327822,0.01113098374545136,0.9396174883638759,0.2999691099516745,0
212901,0.058462394013275465,0.4508473228392885,0.8548913742019624,0
702365,0.10406790752633152,0.39791831218628904,0.020819349777280616,0
787119,0.050477136074015536,0.20261492168659812,0.1338595894153508,0
986382,0.1104023353171525,0.4347987717988713,0.6801639774792013,1
764238,0.06122889345764348,0.748802555980008,0.6889400377055158,1
918150,0.022267173469513957,0.8048757391408472,0.2861224139070855,0
759504,0.08902618099701563,0.2969847717319448,0.9258132628241422,1
162026,0.08369121219479138,0.5446900504456186,0.024451642089385994,0
597887,0.1414776189203254,0.2451733036706668,0.045220107142182386,0
221225,0.07377855008834466,0.6136181031048149,0.37900889707995766,0
665713,0.08223123217758813,0.25217859123404696,0.4687470775003375,1
424438,0.028151397755006226,0.0022779444099605417,0.6027951080988008,0
570997,0.03638666099930681,0.9758973914655114,0.43066205992799045,0
895624,0.13804097499201787,0.5565064490026566,0.9898967121294104,1
113377,0.04234509949299089,0.3505709953577374,0.7120982148520895,0
971310,0.04976695512394565,0.14441475690023642,0.48126232778604894,0
226950,0.020787787342056163,0.8268011117444937,0.4679437512814749,0
175544,0.1484447032379266,0.7896995040778609,0.8318352134159576,1
592937,0.023451243121046718,0.4570046987000802,0.6323545451509901,0
151796,0.03736606807142598,0.33779912654798105,0.4259857316556208,0
835578,0.06949569841600789,0.37278897849795656,0.8137298763606129,1
801511,0.0202440760947563,0.258880582502074,0.15633669817346807,0
982242,0.05718359267882456,0.29427766421712565,0.6078564266508106,1
568577,0.021979265274928363,0.8772374062824623,0.16244387950332495,0
728040,0.04510617899174919,0.6693847069529252,0.2914920798542927,0
845316,0.12364481538753137,0.44292866964216804,0.961936452667887,1
210482,0.05244917923214899,0.7831265286125758,0.4558572728512633,0
450882,0.10725611137574056,0.3953079465160674,0.534594138825127,1
947068,0.07108461735241754,0.14483817386992714,0.9186063689657674,1
225027,0.029129891339989722,0.32801735859405634,0.3613545576564553,0
357294,0.14315890427430153,0.8516945813868468,0.5312901029013479,1
53848,0.018694609219955347,0.3441598561644367,0.45559491992780243,0
620924,0.03611125426616867,0.6888842360692656,0.19810434990141446,0
240817,0.05140548755393486,0.18299242320524667,0.5096720859713789,0
820261,0.10641592535572324,0.898649661034575,0.8288728785660386,1
661879,0.13745293290207253,0.5641127056084013,0.5781041186073292,1
862339,0.06174798450329501,0.5375962561678796,0.3147518231957075,1
546827,0.08358415447045861,0.9204412789864092,0.3953028300901671,1
71826,0.13582933152424773,0.6147956424278088,0.5473448329445942,0
477643,0.14429552046571206,0.5284048133012422,0.7841408362045008,1
601620,0.12590546198889485,0.8854331216255603,0.472576091631683,1
898487,0.10372661906921231,0.7005489984854576,0.9690031738122351,1
556585,0.08385672423812425,0.8718812792629275,0.779581611381277,1
147754,0.12301656233159525,0.8444752243161877,0.44588729647366643,0
453403,0.026649735337034283,0.4246106148339851,0.07873034683383773,0
193025,0.14402175295207015,0.048591630692208954,0.9428392538880145,0
506361,0.09956058891853731,0.5308467260439107,0.3981474031580189,1
299920,0.0830984486013548,0.18076559672938786,0.299771049190266,0
327993,0.10233543068421268,0.042581305588681895,0.48287992577160577,0
218707,0.06570140272499186,0.016465335706156825,0.48540943565146866,0
802639,0.08808040834307904,0.19701540919793026,0.6127871527672936,1
620078,0.010043427163600563,0.14006965333924482,0.6571872895822443,0
855638,0.10744296797482349,0.03666723435722141,0.057934615351272534,0
773731,0.09597723882528583,0.801612597795747,0.9676334902430249,1
717346,0.12069968023736746,0.27075481688879055,0.30594094230077773,1
600774,0.14761495001528846,0.24233291277115632,0.5340151412871896,1
130628,0.03181449874825046,0.45760222384855676,0.050712961540208656,0
434811,0.11222483200988027,0.8939629114621866,0.04438731525829809,0
550197,0.1483946410937312,0.6435448950026464,0.20340494483133253,1
689302,0.034129054354817,0.8869134195663233,0.5264902307230771,0
641873,0.14710995830535079,0.6589384352326172,0.704584175035183,1
648459,0.05442604660076,0.3175535053192603,0.9187242098558075,1
74160,0.05994778683298494,0.5801088594102637,0.9026959120219188,0
924796,0.1446209763597643,0.7475160357687364,0.2056613604444405,1
616874,0.07387528302954859,0.7787376911439212,0.11955475716591224,0
751294,0.1150112673539866,0.06326721626058907,0.8208404935442962,1
14388,0.10984986318764207,0.6604390513890426,0.5037345452713602,0
390582,0.14973456281318587,0.9135069145882289,0.737559567450287,1
458928,0.08591141681061616,0.9824687262897772,0.8099993268947588,1
3026,0.08336386812190534,0.18469391160568593,0.12969988217504436,0
411034,0.10350363206250764,0.6024073393844552,0.4692396309556198,1
163171,0.14381757104668236,0.9927461840969546,0.2003096792129404,0
273775,0.0379217729543558,0.28471868651586585,0.13017409964883442,0
498909,0.025506525299063724,0.8170258000098435,0.11830908517218475,0
389785,0.13486277561366408,0.9083827186776073,0.5537974205677548,1
636837,0.03797599098116822,0.654831034865405,0.40468991345145033,0
871679,0.09194676230930347,0.15911518747983688,0.4447973818216966,1
970153,0.029669274720520368,0.7974899416493808,0.8518394996463594,1
382273,0.1004349855978096,0.03539274223199251,0.2624535079800461,0
900698,0.06492132273543062,0.843149336898028,0.6356138756462666,1
770134,0.10444915771742322,0.3903174366687543,0.8768503297137293,1
817731,0.08234591692602182,0.7997554759532881,0.6187016799340866,1
29807,0.12886202647339048,0.6812275991551283,0.4304063838285107,0
557513,0.060146286173743575,0.5872113213183572,0.8761734564584487,1
309971,0.0537708360586343,0.21325193337001702,0.5005158234676698,0
743808,0.10736872186274976,0.35616196667706645,0.7743239741547879,1
222809,0.05291637496016033,0.9429305458498346,0.0958252385162276,0
676014,0.03287807139592937,0.05057353485685512,0.3494425876813907,0
984531,0.024135122179988252,0.10528822554526229,0.48160010630079253,0
900783,0.03216850860640952,0.3788291400415873,0.09567328009142562,0
746571,0.03237480035371526,0.3384435030924736,0.016634847163316868,0
802354,0.04500008374420758,0.2615887873205932,0.9866601156365902,1
624896,0.025046690964495494,0.8279095747132841,0.6503623872940969,0
381818,0.031190084768891527,0.4831322592067021,0.9885383565232796,0
751503,0.048943469917989736,0.2773529360002366,0.7029482349172582,1
203801,0.041266965620973144,0.703525890573547,0.049195025820751526,0
58147,0.14468923962854,0.7628112644826516,0.3976813288973372,0
475102,0.08509465717327931,0.6930063951979829,0.8617973028039996,1
479309,0.12830012760770532,0.6735359681450938,0.6869730648467693,1
665623,0.08027636655839446,0.3765944097531262,0.31984461681688436,0
856406,0.14893705496850101,0.45820175380230665,0.5589790298771036,1
729931,0.14243262879169358,0.5487590615656579,0.4170872803213057,1
86036,0.07246732953502663,0.7837296885877058,0.9388808563980198,0
391723,0.035187614419911965,0.18333325046208115,0.8878150951962215,0
435393,0.13323832517720505,0.5388012144580954,0.31433756652252864,1
567158,0.14850863798901395,0.028989315118362557,0.07734578030786654,0
701909,0.1082136019288368,0.15148221513290938,0.021467800502958267,0
970038,0.025245804800301575,0.40883607930748267,0.8067068783139763,0
366160,0.061367898056323075,0.23685284055764866,0.4968636519551276,0
102840,0.09270483720780046,0.8510647893146992,0.6281743358929001,0
50081,0.05680524858572726,0.8538132481848659,0.770009282881207,0
178149,0.043011039146452726,0.52475061702933,0.12783898648078873,0
671876,0.03322657684775871,0.6180834843575732,0.424407128040758,0
205125,0.10868021081396868,0.9747643521839908,0.7460835589177163,0
723608,0.146205752402249,0.7884311137547334,0.39251407902212343,1
350126,0.059425133782218066,0.05357784063515447,0.8178217537860706,0
986213,0.03745280157802223,0.16937167376492013,0.004175281943683551,0
332726,0.021693451232895886,0.6920492912492429,0.416085311542318,0
294103,0.011822564375346421,0.09364994351504274,0.35955707840514195,0
253367,0.11562689750310709,0.16361867208166803,0.38145984736327654,0
712891,0.08654468508895478,0.4060380852808194,0.7337550485937668,1
558254,0.12616245884231095,0.8022445604431921,0.27949199199868546,1
965705,0.04467867295697146,0.989385991952187,0.7287850710480427,1
243965,0.12189948682925499,0.893954797632764,0.23398600889914156,0
576408,0.06711296033455018,0.4978066862651682,0.31785802705911204,0
511526,0.045870930293963365,0.6230491672611628,0.5628318971375278,0
328751,0.04145269167454607,0.12078074042291609,0.5830556181162369,0
176684,0.03514595909470601,0.8762624952106512,0.5011077654004867,0
774922,0.06306046241032405,0.061220612142862785,0.34083495439117983,0
907571,0.14540308682692002,0.5862569092488112,0.5433545197196799,1
21443,0.09600573812818508,0.937534115683978,0.4019954110076561,0
169263,0.03883198715097172,0.8603450408760722,0.16047540136198524,0
168124,0.0680008299688265,0.5909845102882754,0.5987845402789166,0
556735,0.06882856126317234,0.30088857902350774,0.9108419901111628,1
420342,0.1485481311811335,0.6296049823556499,0.8162772719334214,1
662465,0.018169610875896733,0.6918024110782065,0.09637133223927008,0
267971,0.05107088698103152,0.6836946464747004,0.7089469791071034,0
694653,0.02411940394998076,0.21212300844338827,0.4791836880165051,0
